2026-05-06 06:44:32.355 | INFO  | [background-preinit] | o.h.validator.internal.util.Version.<clinit> | HV000001: Hibernate Validator 8.0.3.Final
2026-05-06 06:44:32.437 | INFO  | [restartedMain] | c.e.a.AuthserviceApplication.logStarting | Starting AuthserviceApplication using Java 17.0.12 with PID 15340 (C:\Users\Inam\Desktop\ecome origingit\E-commerce_microservice\authservice\target\classes started by Inam in C:\Users\Inam\Desktop\ecome origingit\E-commerce_microservice\authservice)
2026-05-06 06:44:32.438 | INFO  | [restartedMain] | c.e.a.AuthserviceApplication.logStartupProfileInfo | No active profile set, falling back to 1 default profile: "default"
2026-05-06 06:44:32.504 | INFO  | [restartedMain] | o.s.b.d.e.DevToolsPropertyDefaultsPostProcessor.log | Devtools property defaults active! Set 'spring.devtools.add-properties' to 'false' to disable
2026-05-06 06:44:32.506 | INFO  | [restartedMain] | o.s.b.d.e.DevToolsPropertyDefaultsPostProcessor.log | For additional web related logging consider setting the 'logging.level.web' property to 'DEBUG'
2026-05-06 06:44:33.728 | INFO  | [restartedMain] | o.s.d.r.c.RepositoryConfigurationDelegate.registerRepositoriesIn | Bootstrapping Spring Data JPA repositories in DEFAULT mode.
2026-05-06 06:44:33.839 | INFO  | [restartedMain] | o.s.d.r.c.RepositoryConfigurationDelegate.registerRepositoriesIn | Finished Spring Data repository scanning in 94 ms. Found 2 JPA repository interfaces.
2026-05-06 06:44:35.830 | INFO  | [restartedMain] | o.s.b.w.e.tomcat.TomcatWebServer.initialize | Tomcat initialized with port 8001 (http)
2026-05-06 06:44:35.870 | INFO  | [restartedMain] | o.a.coyote.http11.Http11NioProtocol.log | Initializing ProtocolHandler ["http-nio-8001"]
2026-05-06 06:44:35.876 | INFO  | [restartedMain] | o.a.catalina.core.StandardService.log | Starting service [Tomcat]
2026-05-06 06:44:35.877 | INFO  | [restartedMain] | o.a.catalina.core.StandardEngine.log | Starting Servlet engine: [Apache Tomcat/10.1.53]
2026-05-06 06:44:36.053 | INFO  | [restartedMain] | o.a.c.c.C.[Tomcat].[localhost].[/].log | Initializing Spring embedded WebApplicationContext
2026-05-06 06:44:36.056 | INFO  | [restartedMain] | o.s.b.w.s.c.ServletWebServerApplicationContext.prepareWebApplicationContext | Root WebApplicationContext: initialization completed in 3549 ms
2026-05-06 06:44:36.510 | INFO  | [restartedMain] | o.h.jpa.internal.util.LogHelper.logPersistenceUnitInformation | HHH000204: Processing PersistenceUnitInfo [name: default]
2026-05-06 06:44:36.724 | INFO  | [restartedMain] | org.hibernate.Version.logVersion | HHH000412: Hibernate ORM core version 6.6.45.Final
2026-05-06 06:44:36.849 | INFO  | [restartedMain] | o.h.c.i.RegionFactoryInitiator.initiateService | HHH000026: Second-level cache disabled
2026-05-06 06:44:37.806 | INFO  | [restartedMain] | o.s.o.j.p.SpringPersistenceUnitInfo.addTransformer | No LoadTimeWeaver setup: ignoring JPA class transformer
2026-05-06 06:44:37.911 | INFO  | [restartedMain] | com.zaxxer.hikari.HikariDataSource.getConnection | HikariPool-1 - Starting...
2026-05-06 06:44:38.807 | INFO  | [restartedMain] | com.zaxxer.hikari.pool.HikariPool.checkFailFast | HikariPool-1 - Added connection com.mysql.cj.jdbc.ConnectionImpl@362e5029
2026-05-06 06:44:38.812 | INFO  | [restartedMain] | com.zaxxer.hikari.HikariDataSource.getConnection | HikariPool-1 - Start completed.
2026-05-06 06:44:38.907 | WARN  | [restartedMain] | org.hibernate.orm.deprecation.constructDialect | HHH90000025: MySQL8Dialect does not need to be specified explicitly using 'hibernate.dialect' (remove the property setting and it will be selected by default)
2026-05-06 06:44:38.909 | WARN  | [restartedMain] | org.hibernate.orm.deprecation.logSelectedDialect | HHH90000026: MySQL8Dialect has been deprecated; use org.hibernate.dialect.MySQLDialect instead
2026-05-06 06:44:38.941 | INFO  | [restartedMain] | o.hibernate.orm.connections.pooling.logConnectionInfo | HHH10001005: Database info:
	Database JDBC URL [Connecting through datasource 'HikariDataSource (HikariPool-1)']
	Database driver: undefined/unknown
	Database version: 8.0
	Autocommit mode: undefined/unknown
	Isolation level: undefined/unknown
	Minimum pool size: undefined/unknown
	Maximum pool size: undefined/unknown
2026-05-06 06:44:42.291 | INFO  | [restartedMain] | o.h.e.t.j.p.i.JtaPlatformInitiator.initiateService | HHH000489: No JTA platform available (set 'hibernate.transaction.jta.platform' to enable JTA platform integration)
2026-05-06 06:44:42.577 | INFO  | [restartedMain] | o.s.o.j.LocalContainerEntityManagerFactoryBean.buildNativeEntityManagerFactory | Initialized JPA EntityManagerFactory for persistence unit 'default'
2026-05-06 06:44:44.404 | WARN  | [restartedMain] | o.s.b.a.o.j.JpaBaseConfiguration$JpaWebConfiguration.openEntityManagerInViewInterceptor | spring.jpa.open-in-view is enabled by default. Therefore, database queries may be performed during view rendering. Explicitly configure spring.jpa.open-in-view to disable this warning
2026-05-06 06:44:44.900 | INFO  | [restartedMain] | o.s.s.c.a.a.c.InitializeAuthenticationProviderBeanManagerConfigurer$InitializeAuthenticationProviderManagerConfigurer.configure | Global AuthenticationManager configured with AuthenticationProvider bean with name authenticationProvider
2026-05-06 06:44:44.902 | WARN  | [restartedMain] | o.s.s.c.a.a.c.InitializeUserDetailsBeanManagerConfigurer$InitializeUserDetailsManagerConfigurer.configure | Global AuthenticationManager configured with an AuthenticationProvider bean. UserDetailsService beans will not be used by Spring Security for automatically configuring username/password login. Consider removing the AuthenticationProvider bean. Alternatively, consider using the UserDetailsService in a manually instantiated DaoAuthenticationProvider. If the current configuration is intentional, to turn off this warning, increase the logging level of 'org.springframework.security.config.annotation.authentication.configuration.InitializeUserDetailsBeanManagerConfigurer' to ERROR
2026-05-06 06:44:46.192 | WARN  | [restartedMain] | o.s.b.d.a.OptionalLiveReloadServer.startServer | Unable to start LiveReload server
2026-05-06 06:44:46.216 | INFO  | [restartedMain] | o.a.coyote.http11.Http11NioProtocol.log | Starting ProtocolHandler ["http-nio-8001"]
2026-05-06 06:44:46.257 | INFO  | [restartedMain] | o.s.b.w.e.tomcat.TomcatWebServer.start | Tomcat started on port 8001 (http) with context path '/'
2026-05-06 06:44:46.270 | INFO  | [restartedMain] | c.e.a.AuthserviceApplication.logStarted | Started AuthserviceApplication in 14.704 seconds (process running for 15.421)
2026-05-06 06:45:21.412 | INFO  | [SpringApplicationShutdownHook] | o.s.b.w.e.tomcat.GracefulShutdown.shutDownGracefully | Commencing graceful shutdown. Waiting for active requests to complete
2026-05-06 06:45:22.391 | INFO  | [tomcat-shutdown] | o.s.b.w.e.tomcat.GracefulShutdown.doShutdown | Graceful shutdown complete
2026-05-06 06:45:22.403 | INFO  | [SpringApplicationShutdownHook] | o.s.o.j.LocalContainerEntityManagerFactoryBean.destroy | Closing JPA EntityManagerFactory for persistence unit 'default'
2026-05-06 06:45:22.414 | INFO  | [SpringApplicationShutdownHook] | com.zaxxer.hikari.HikariDataSource.close | HikariPool-1 - Shutdown initiated...
2026-05-06 06:45:22.458 | INFO  | [SpringApplicationShutdownHook] | com.zaxxer.hikari.HikariDataSource.close | HikariPool-1 - Shutdown completed.
2026-05-06 06:48:31.327 | INFO  | [background-preinit] | o.h.validator.internal.util.Version.<clinit> | HV000001: Hibernate Validator 8.0.3.Final
2026-05-06 06:48:31.389 | INFO  | [restartedMain] | c.e.a.AuthserviceApplication.logStarting | Starting AuthserviceApplication using Java 17.0.12 with PID 6936 (C:\Users\Inam\Desktop\ecome origingit\E-commerce_microservice\authservice\target\classes started by Inam in C:\Users\Inam\Desktop\ecome origingit\E-commerce_microservice\authservice)
2026-05-06 06:48:31.390 | INFO  | [restartedMain] | c.e.a.AuthserviceApplication.logStartupProfileInfo | No active profile set, falling back to 1 default profile: "default"
2026-05-06 06:48:31.443 | INFO  | [restartedMain] | o.s.b.d.e.DevToolsPropertyDefaultsPostProcessor.log | Devtools property defaults active! Set 'spring.devtools.add-properties' to 'false' to disable
2026-05-06 06:48:31.444 | INFO  | [restartedMain] | o.s.b.d.e.DevToolsPropertyDefaultsPostProcessor.log | For additional web related logging consider setting the 'logging.level.web' property to 'DEBUG'
2026-05-06 06:48:32.552 | INFO  | [restartedMain] | o.s.d.r.c.RepositoryConfigurationDelegate.registerRepositoriesIn | Bootstrapping Spring Data JPA repositories in DEFAULT mode.
2026-05-06 06:48:33.137 | INFO  | [restartedMain] | o.s.d.r.c.RepositoryConfigurationDelegate.registerRepositoriesIn | Finished Spring Data repository scanning in 571 ms. Found 2 JPA repository interfaces.
2026-05-06 06:48:34.171 | INFO  | [restartedMain] | o.s.cloud.context.scope.GenericScope.setSerializationId | BeanFactory id=e99c07ae-5169-347a-a376-7871feb0282a
2026-05-06 06:48:36.093 | INFO  | [restartedMain] | o.s.b.w.e.tomcat.TomcatWebServer.initialize | Tomcat initialized with port 8001 (http)
2026-05-06 06:48:36.132 | INFO  | [restartedMain] | o.a.coyote.http11.Http11NioProtocol.log | Initializing ProtocolHandler ["http-nio-8001"]
2026-05-06 06:48:36.138 | INFO  | [restartedMain] | o.a.catalina.core.StandardService.log | Starting service [Tomcat]
2026-05-06 06:48:36.139 | INFO  | [restartedMain] | o.a.catalina.core.StandardEngine.log | Starting Servlet engine: [Apache Tomcat/10.1.53]
2026-05-06 06:48:36.376 | INFO  | [restartedMain] | o.a.c.c.C.[Tomcat].[localhost].[/].log | Initializing Spring embedded WebApplicationContext
2026-05-06 06:48:36.379 | INFO  | [restartedMain] | o.s.b.w.s.c.ServletWebServerApplicationContext.prepareWebApplicationContext | Root WebApplicationContext: initialization completed in 4933 ms
2026-05-06 06:48:36.920 | INFO  | [restartedMain] | o.h.jpa.internal.util.LogHelper.logPersistenceUnitInformation | HHH000204: Processing PersistenceUnitInfo [name: default]
2026-05-06 06:48:37.124 | INFO  | [restartedMain] | org.hibernate.Version.logVersion | HHH000412: Hibernate ORM core version 6.6.45.Final
2026-05-06 06:48:37.258 | INFO  | [restartedMain] | o.h.c.i.RegionFactoryInitiator.initiateService | HHH000026: Second-level cache disabled
2026-05-06 06:48:38.390 | INFO  | [restartedMain] | o.s.o.j.p.SpringPersistenceUnitInfo.addTransformer | No LoadTimeWeaver setup: ignoring JPA class transformer
2026-05-06 06:48:38.472 | INFO  | [restartedMain] | com.zaxxer.hikari.HikariDataSource.getConnection | HikariPool-1 - Starting...
2026-05-06 06:48:39.215 | INFO  | [restartedMain] | com.zaxxer.hikari.pool.HikariPool.checkFailFast | HikariPool-1 - Added connection com.mysql.cj.jdbc.ConnectionImpl@714d7bc3
2026-05-06 06:48:39.221 | INFO  | [restartedMain] | com.zaxxer.hikari.HikariDataSource.getConnection | HikariPool-1 - Start completed.
2026-05-06 06:48:39.374 | WARN  | [restartedMain] | org.hibernate.orm.deprecation.constructDialect | HHH90000025: MySQL8Dialect does not need to be specified explicitly using 'hibernate.dialect' (remove the property setting and it will be selected by default)
2026-05-06 06:48:39.378 | WARN  | [restartedMain] | org.hibernate.orm.deprecation.logSelectedDialect | HHH90000026: MySQL8Dialect has been deprecated; use org.hibernate.dialect.MySQLDialect instead
2026-05-06 06:48:39.454 | INFO  | [restartedMain] | o.hibernate.orm.connections.pooling.logConnectionInfo | HHH10001005: Database info:
	Database JDBC URL [Connecting through datasource 'HikariDataSource (HikariPool-1)']
	Database driver: undefined/unknown
	Database version: 8.0
	Autocommit mode: undefined/unknown
	Isolation level: undefined/unknown
	Minimum pool size: undefined/unknown
	Maximum pool size: undefined/unknown
2026-05-06 06:48:43.258 | INFO  | [restartedMain] | o.h.e.t.j.p.i.JtaPlatformInitiator.initiateService | HHH000489: No JTA platform available (set 'hibernate.transaction.jta.platform' to enable JTA platform integration)
2026-05-06 06:48:43.469 | INFO  | [restartedMain] | o.s.o.j.LocalContainerEntityManagerFactoryBean.buildNativeEntityManagerFactory | Initialized JPA EntityManagerFactory for persistence unit 'default'
2026-05-06 06:48:44.778 | WARN  | [restartedMain] | o.s.b.a.o.j.JpaBaseConfiguration$JpaWebConfiguration.openEntityManagerInViewInterceptor | spring.jpa.open-in-view is enabled by default. Therefore, database queries may be performed during view rendering. Explicitly configure spring.jpa.open-in-view to disable this warning
2026-05-06 06:48:45.385 | INFO  | [restartedMain] | o.s.s.c.a.a.c.InitializeAuthenticationProviderBeanManagerConfigurer$InitializeAuthenticationProviderManagerConfigurer.configure | Global AuthenticationManager configured with AuthenticationProvider bean with name authenticationProvider
2026-05-06 06:48:45.385 | WARN  | [restartedMain] | o.s.s.c.a.a.c.InitializeUserDetailsBeanManagerConfigurer$InitializeUserDetailsManagerConfigurer.configure | Global AuthenticationManager configured with an AuthenticationProvider bean. UserDetailsService beans will not be used by Spring Security for automatically configuring username/password login. Consider removing the AuthenticationProvider bean. Alternatively, consider using the UserDetailsService in a manually instantiated DaoAuthenticationProvider. If the current configuration is intentional, to turn off this warning, increase the logging level of 'org.springframework.security.config.annotation.authentication.configuration.InitializeUserDetailsBeanManagerConfigurer' to ERROR
2026-05-06 06:48:46.764 | WARN  | [restartedMain] | o.s.b.d.a.OptionalLiveReloadServer.startServer | Unable to start LiveReload server
2026-05-06 06:48:47.762 | INFO  | [restartedMain] | o.s.c.n.e.c.DiscoveryClientOptionalArgsConfiguration.restTemplateDiscoveryClientOptionalArgs | Eureka HTTP Client uses RestTemplate.
2026-05-06 06:48:47.900 | WARN  | [restartedMain] | o.s.c.l.c.LoadBalancerCacheAutoConfiguration$LoadBalancerCaffeineWarnLogger.afterPropertiesSet | Spring Cloud LoadBalancer is currently working with the default cache. While this cache implementation is useful for development and tests, it's recommended to use Caffeine cache in production.You can switch to using Caffeine cache, by adding it and org.springframework.cache.caffeine.CaffeineCacheManager to the classpath.
2026-05-06 06:48:47.976 | INFO  | [restartedMain] | o.s.c.n.eureka.InstanceInfoFactory.create | Setting initial instance status as: STARTING
2026-05-06 06:48:48.066 | INFO  | [restartedMain] | c.netflix.discovery.DiscoveryClient.<init> | Initializing Eureka in region us-east-1
2026-05-06 06:48:48.074 | INFO  | [restartedMain] | c.n.d.s.r.aws.ConfigClusterResolver.getClusterEndpoints | Resolving eureka endpoints via configuration
2026-05-06 06:48:48.097 | INFO  | [restartedMain] | c.netflix.discovery.DiscoveryClient.fetchRegistry | Disable delta property : false
2026-05-06 06:48:48.097 | INFO  | [restartedMain] | c.netflix.discovery.DiscoveryClient.fetchRegistry | Single vip registry refresh property : null
2026-05-06 06:48:48.097 | INFO  | [restartedMain] | c.netflix.discovery.DiscoveryClient.fetchRegistry | Force full registry fetch : false
2026-05-06 06:48:48.097 | INFO  | [restartedMain] | c.netflix.discovery.DiscoveryClient.fetchRegistry | Application is null : false
2026-05-06 06:48:48.097 | INFO  | [restartedMain] | c.netflix.discovery.DiscoveryClient.fetchRegistry | Registered Applications size is zero : true
2026-05-06 06:48:48.097 | INFO  | [restartedMain] | c.netflix.discovery.DiscoveryClient.fetchRegistry | Application version is -1: true
2026-05-06 06:48:48.097 | INFO  | [restartedMain] | c.netflix.discovery.DiscoveryClient.getAndStoreFullRegistry | Getting all instance registry info from the eureka server
2026-05-06 06:48:49.172 | INFO  | [restartedMain] | c.netflix.discovery.DiscoveryClient.getAndStoreFullRegistry | The response status is 200
2026-05-06 06:48:49.172 | INFO  | [restartedMain] | c.netflix.discovery.DiscoveryClient.initScheduledTasks | Starting heartbeat executor: renew interval is: 30
2026-05-06 06:48:49.188 | INFO  | [restartedMain] | c.n.discovery.InstanceInfoReplicator.<init> | InstanceInfoReplicator onDemand update allowed rate per min is 4
2026-05-06 06:48:49.197 | INFO  | [restartedMain] | c.netflix.discovery.DiscoveryClient.<init> | Discovery Client initialized at timestamp 1778075329192 with initial instances count: 1
2026-05-06 06:48:49.204 | INFO  | [restartedMain] | o.s.c.n.e.s.EurekaServiceRegistry.register | Registering application AUTHSERVICE with eureka with status UP
2026-05-06 06:48:49.204 | INFO  | [restartedMain] | c.netflix.discovery.DiscoveryClient.notify | Saw local status change event StatusChangeEvent [timestamp=1778075329204, current=UP, previous=STARTING]
2026-05-06 06:48:49.216 | INFO  | [restartedMain] | o.a.coyote.http11.Http11NioProtocol.log | Starting ProtocolHandler ["http-nio-8001"]
2026-05-06 06:48:49.217 | INFO  | [DiscoveryClient-InstanceInfoReplicator-%d] | c.netflix.discovery.DiscoveryClient.register | DiscoveryClient_AUTHSERVICE/DESKTOP-A2NNC5Q:authservice:8001: registering service...
2026-05-06 06:48:49.286 | INFO  | [restartedMain] | o.s.b.w.e.tomcat.TomcatWebServer.start | Tomcat started on port 8001 (http) with context path '/'
2026-05-06 06:48:49.288 | INFO  | [restartedMain] | o.s.c.n.e.s.EurekaAutoServiceRegistration.onApplicationEvent | Updating port to 8001
2026-05-06 06:48:49.340 | INFO  | [DiscoveryClient-InstanceInfoReplicator-%d] | c.netflix.discovery.DiscoveryClient.register | DiscoveryClient_AUTHSERVICE/DESKTOP-A2NNC5Q:authservice:8001 - registration status: 204
2026-05-06 06:48:49.749 | INFO  | [restartedMain] | c.e.a.AuthserviceApplication.logStarted | Started AuthserviceApplication in 19.417 seconds (process running for 20.388)
2026-05-06 06:51:59.285 | INFO  | [http-nio-8001-exec-2] | o.a.c.c.C.[Tomcat].[localhost].[/].log | Initializing Spring DispatcherServlet 'dispatcherServlet'
2026-05-06 06:51:59.287 | INFO  | [http-nio-8001-exec-2] | o.s.web.servlet.DispatcherServlet.initServletBean | Initializing Servlet 'dispatcherServlet'
2026-05-06 06:51:59.291 | INFO  | [http-nio-8001-exec-2] | o.s.web.servlet.DispatcherServlet.initServletBean | Completed initialization in 4 ms
2026-05-06 06:53:48.119 | INFO  | [AsyncResolver-bootstrap-executor-%d] | c.n.d.s.r.aws.ConfigClusterResolver.getClusterEndpoints | Resolving eureka endpoints via configuration
2026-05-06 06:57:49.763 | INFO  | [DiscoveryClient-HeartbeatExecutor-%d] | c.n.d.s.t.d.RedirectingEurekaHttpClient.execute | Request execution error. endpoint=DefaultEndpoint{ serviceUrl='http://localhost:7000/eureka/} exception=I/O error on PUT request for "http://localhost:7000/eureka/apps/AUTHSERVICE/DESKTOP-A2NNC5Q:authservice:8001": Connect to http://localhost:7000 failed: Connection refused: no further information
org.springframework.web.client.ResourceAccessException: I/O error on PUT request for "http://localhost:7000/eureka/apps/AUTHSERVICE/DESKTOP-A2NNC5Q:authservice:8001": Connect to http://localhost:7000 failed: Connection refused: no further information
	at org.springframework.web.client.RestTemplate.createResourceAccessException(RestTemplate.java:926)
	at org.springframework.web.client.RestTemplate.doExecute(RestTemplate.java:906)
	at org.springframework.web.client.RestTemplate.execute(RestTemplate.java:841)
	at org.springframework.web.client.RestTemplate.exchange(RestTemplate.java:702)
	at org.springframework.cloud.netflix.eureka.http.RestTemplateEurekaHttpClient.sendHeartBeat(RestTemplateEurekaHttpClient.java:119)
	at com.netflix.discovery.shared.transport.decorator.EurekaHttpClientDecorator$3.execute(EurekaHttpClientDecorator.java:92)
	at com.netflix.discovery.shared.transport.decorator.RedirectingEurekaHttpClient.execute(RedirectingEurekaHttpClient.java:90)
	at com.netflix.discovery.shared.transport.decorator.EurekaHttpClientDecorator.sendHeartBeat(EurekaHttpClientDecorator.java:89)
	at com.netflix.discovery.shared.transport.decorator.EurekaHttpClientDecorator$3.execute(EurekaHttpClientDecorator.java:92)
	at com.netflix.discovery.shared.transport.decorator.RetryableEurekaHttpClient.execute(RetryableEurekaHttpClient.java:120)
	at com.netflix.discovery.shared.transport.decorator.EurekaHttpClientDecorator.sendHeartBeat(EurekaHttpClientDecorator.java:89)
	at com.netflix.discovery.shared.transport.decorator.EurekaHttpClientDecorator$3.execute(EurekaHttpClientDecorator.java:92)
	at com.netflix.discovery.shared.transport.decorator.SessionedEurekaHttpClient.execute(SessionedEurekaHttpClient.java:76)
	at com.netflix.discovery.shared.transport.decorator.EurekaHttpClientDecorator.sendHeartBeat(EurekaHttpClientDecorator.java:89)
	at com.netflix.discovery.DiscoveryClient.renew(DiscoveryClient.java:860)
	at com.netflix.discovery.DiscoveryClient$HeartbeatThread.run(DiscoveryClient.java:1418)
	at java.base/java.util.concurrent.Executors$RunnableAdapter.call(Executors.java:539)
	at java.base/java.util.concurrent.FutureTask.run(FutureTask.java:264)
	at java.base/java.util.concurrent.ThreadPoolExecutor.runWorker(ThreadPoolExecutor.java:1136)
	at java.base/java.util.concurrent.ThreadPoolExecutor$Worker.run(ThreadPoolExecutor.java:635)
	at java.base/java.lang.Thread.run(Thread.java:842)
Caused by: org.apache.hc.client5.http.HttpHostConnectException: Connect to http://localhost:7000 failed: Connection refused: no further information
	at java.base/sun.nio.ch.Net.pollConnect(Native Method)
	at java.base/sun.nio.ch.Net.pollConnectNow(Net.java:672)
	at java.base/sun.nio.ch.NioSocketImpl.timedFinishConnect(NioSocketImpl.java:547)
	at java.base/sun.nio.ch.NioSocketImpl.connect(NioSocketImpl.java:602)
	at java.base/java.net.SocksSocketImpl.connect(SocksSocketImpl.java:327)
	at java.base/java.net.Socket.connect(Socket.java:633)
	at org.apache.hc.client5.http.impl.io.DefaultHttpClientConnectionOperator.connect(DefaultHttpClientConnectionOperator.java:226)
	at org.apache.hc.client5.http.impl.io.PoolingHttpClientConnectionManager.connect(PoolingHttpClientConnectionManager.java:497)
	at org.apache.hc.client5.http.impl.classic.InternalExecRuntime.connectEndpoint(InternalExecRuntime.java:164)
	at org.apache.hc.client5.http.impl.classic.InternalExecRuntime.connectEndpoint(InternalExecRuntime.java:174)
	at org.apache.hc.client5.http.impl.classic.ConnectExec.execute(ConnectExec.java:144)
	at org.apache.hc.client5.http.impl.classic.ExecChainElement.execute(ExecChainElement.java:51)
	at org.apache.hc.client5.http.impl.classic.ProtocolExec.execute(ProtocolExec.java:195)
	at org.apache.hc.client5.http.impl.classic.ExecChainElement.execute(ExecChainElement.java:51)
	at org.apache.hc.client5.http.impl.classic.ContentCompressionExec.execute(ContentCompressionExec.java:168)
	at org.apache.hc.client5.http.impl.classic.ExecChainElement.execute(ExecChainElement.java:51)
	at org.apache.hc.client5.http.impl.classic.HttpRequestRetryExec.execute(HttpRequestRetryExec.java:112)
	at org.apache.hc.client5.http.impl.classic.ExecChainElement.execute(ExecChainElement.java:51)
	at org.apache.hc.client5.http.impl.classic.RedirectExec.execute(RedirectExec.java:110)
	at org.apache.hc.client5.http.impl.classic.ExecChainElement.execute(ExecChainElement.java:51)
	at org.apache.hc.client5.http.impl.classic.InternalHttpClient.doExecute(InternalHttpClient.java:185)
	at org.apache.hc.client5.http.impl.classic.CloseableHttpClient.execute(CloseableHttpClient.java:87)
	at org.apache.hc.client5.http.impl.classic.CloseableHttpClient.execute(CloseableHttpClient.java:55)
	at org.apache.hc.client5.http.classic.HttpClient.executeOpen(HttpClient.java:183)
	at org.springframework.http.client.HttpComponentsClientHttpRequest.executeInternal(HttpComponentsClientHttpRequest.java:99)
	at org.springframework.http.client.AbstractStreamingClientHttpRequest.executeInternal(AbstractStreamingClientHttpRequest.java:88)
	at org.springframework.http.client.AbstractClientHttpRequest.execute(AbstractClientHttpRequest.java:81)
	at org.springframework.http.client.InterceptingClientHttpRequest$InterceptingRequestExecution.execute(InterceptingClientHttpRequest.java:117)
	at org.springframework.cloud.netflix.eureka.http.RestTemplateTransportClientFactory.lambda$restTemplate$2(RestTemplateTransportClientFactory.java:145)
	at org.springframework.http.client.InterceptingClientHttpRequest$InterceptingRequestExecution.execute(InterceptingClientHttpRequest.java:88)
	at org.springframework.http.client.InterceptingClientHttpRequest.executeInternal(InterceptingClientHttpRequest.java:72)
	at org.springframework.http.client.AbstractBufferingClientHttpRequest.executeInternal(AbstractBufferingClientHttpRequest.java:48)
	at org.springframework.http.client.AbstractClientHttpRequest.execute(AbstractClientHttpRequest.java:81)
	at org.springframework.web.client.RestTemplate.doExecute(RestTemplate.java:900)
	... 19 common frames omitted
2026-05-06 06:57:49.764 | INFO  | [DiscoveryClient-CacheRefreshExecutor-%d] | c.n.d.s.t.d.RedirectingEurekaHttpClient.execute | Request execution error. endpoint=DefaultEndpoint{ serviceUrl='http://localhost:7000/eureka/} exception=I/O error on GET request for "http://localhost:7000/eureka/apps/delta": Connect to http://localhost:7000 failed: Connection refused: no further information
org.springframework.web.client.ResourceAccessException: I/O error on GET request for "http://localhost:7000/eureka/apps/delta": Connect to http://localhost:7000 failed: Connection refused: no further information
	at org.springframework.web.client.RestTemplate.createResourceAccessException(RestTemplate.java:926)
	at org.springframework.web.client.RestTemplate.doExecute(RestTemplate.java:906)
	at org.springframework.web.client.RestTemplate.execute(RestTemplate.java:841)
	at org.springframework.web.client.RestTemplate.exchange(RestTemplate.java:702)
	at org.springframework.cloud.netflix.eureka.http.RestTemplateEurekaHttpClient.getApplicationsInternal(RestTemplateEurekaHttpClient.java:174)
	at org.springframework.cloud.netflix.eureka.http.RestTemplateEurekaHttpClient.getDelta(RestTemplateEurekaHttpClient.java:186)
	at com.netflix.discovery.shared.transport.decorator.EurekaHttpClientDecorator$7.execute(EurekaHttpClientDecorator.java:152)
	at com.netflix.discovery.shared.transport.decorator.RedirectingEurekaHttpClient.execute(RedirectingEurekaHttpClient.java:90)
	at com.netflix.discovery.shared.transport.decorator.EurekaHttpClientDecorator.getDelta(EurekaHttpClientDecorator.java:149)
	at com.netflix.discovery.shared.transport.decorator.EurekaHttpClientDecorator$7.execute(EurekaHttpClientDecorator.java:152)
	at com.netflix.discovery.shared.transport.decorator.RetryableEurekaHttpClient.execute(RetryableEurekaHttpClient.java:120)
	at com.netflix.discovery.shared.transport.decorator.EurekaHttpClientDecorator.getDelta(EurekaHttpClientDecorator.java:149)
	at com.netflix.discovery.shared.transport.decorator.EurekaHttpClientDecorator$7.execute(EurekaHttpClientDecorator.java:152)
	at com.netflix.discovery.shared.transport.decorator.SessionedEurekaHttpClient.execute(SessionedEurekaHttpClient.java:76)
	at com.netflix.discovery.shared.transport.decorator.EurekaHttpClientDecorator.getDelta(EurekaHttpClientDecorator.java:149)
	at com.netflix.discovery.DiscoveryClient.getAndUpdateDelta(DiscoveryClient.java:1095)
	at com.netflix.discovery.DiscoveryClient.fetchRegistry(DiscoveryClient.java:978)
	at com.netflix.discovery.DiscoveryClient.refreshRegistry(DiscoveryClient.java:1489)
	at com.netflix.discovery.DiscoveryClient$CacheRefreshThread.run(DiscoveryClient.java:1457)
	at java.base/java.util.concurrent.Executors$RunnableAdapter.call(Executors.java:539)
	at java.base/java.util.concurrent.FutureTask.run(FutureTask.java:264)
	at java.base/java.util.concurrent.ThreadPoolExecutor.runWorker(ThreadPoolExecutor.java:1136)
	at java.base/java.util.concurrent.ThreadPoolExecutor$Worker.run(ThreadPoolExecutor.java:635)
	at java.base/java.lang.Thread.run(Thread.java:842)
Caused by: org.apache.hc.client5.http.HttpHostConnectException: Connect to http://localhost:7000 failed: Connection refused: no further information
	at java.base/sun.nio.ch.Net.pollConnect(Native Method)
	at java.base/sun.nio.ch.Net.pollConnectNow(Net.java:672)
	at java.base/sun.nio.ch.NioSocketImpl.timedFinishConnect(NioSocketImpl.java:547)
	at java.base/sun.nio.ch.NioSocketImpl.connect(NioSocketImpl.java:602)
	at java.base/java.net.SocksSocketImpl.connect(SocksSocketImpl.java:327)
	at java.base/java.net.Socket.connect(Socket.java:633)
	at org.apache.hc.client5.http.impl.io.DefaultHttpClientConnectionOperator.connect(DefaultHttpClientConnectionOperator.java:226)
	at org.apache.hc.client5.http.impl.io.PoolingHttpClientConnectionManager.connect(PoolingHttpClientConnectionManager.java:497)
	at org.apache.hc.client5.http.impl.classic.InternalExecRuntime.connectEndpoint(InternalExecRuntime.java:164)
	at org.apache.hc.client5.http.impl.classic.InternalExecRuntime.connectEndpoint(InternalExecRuntime.java:174)
	at org.apache.hc.client5.http.impl.classic.ConnectExec.execute(ConnectExec.java:144)
	at org.apache.hc.client5.http.impl.classic.ExecChainElement.execute(ExecChainElement.java:51)
	at org.apache.hc.client5.http.impl.classic.ProtocolExec.execute(ProtocolExec.java:195)
	at org.apache.hc.client5.http.impl.classic.ExecChainElement.execute(ExecChainElement.java:51)
	at org.apache.hc.client5.http.impl.classic.ContentCompressionExec.execute(ContentCompressionExec.java:168)
	at org.apache.hc.client5.http.impl.classic.ExecChainElement.execute(ExecChainElement.java:51)
	at org.apache.hc.client5.http.impl.classic.HttpRequestRetryExec.execute(HttpRequestRetryExec.java:112)
	at org.apache.hc.client5.http.impl.classic.ExecChainElement.execute(ExecChainElement.java:51)
	at org.apache.hc.client5.http.impl.classic.RedirectExec.execute(RedirectExec.java:110)
	at org.apache.hc.client5.http.impl.classic.ExecChainElement.execute(ExecChainElement.java:51)
	at org.apache.hc.client5.http.impl.classic.InternalHttpClient.doExecute(InternalHttpClient.java:185)
	at org.apache.hc.client5.http.impl.classic.CloseableHttpClient.execute(CloseableHttpClient.java:87)
	at org.apache.hc.client5.http.impl.classic.CloseableHttpClient.execute(CloseableHttpClient.java:55)
	at org.apache.hc.client5.http.classic.HttpClient.executeOpen(HttpClient.java:183)
	at org.springframework.http.client.HttpComponentsClientHttpRequest.executeInternal(HttpComponentsClientHttpRequest.java:99)
	at org.springframework.http.client.AbstractStreamingClientHttpRequest.executeInternal(AbstractStreamingClientHttpRequest.java:88)
	at org.springframework.http.client.AbstractClientHttpRequest.execute(AbstractClientHttpRequest.java:81)
	at org.springframework.http.client.InterceptingClientHttpRequest$InterceptingRequestExecution.execute(InterceptingClientHttpRequest.java:117)
	at org.springframework.cloud.netflix.eureka.http.RestTemplateTransportClientFactory.lambda$restTemplate$2(RestTemplateTransportClientFactory.java:145)
	at org.springframework.http.client.InterceptingClientHttpRequest$InterceptingRequestExecution.execute(InterceptingClientHttpRequest.java:88)
	at org.springframework.http.client.InterceptingClientHttpRequest.executeInternal(InterceptingClientHttpRequest.java:72)
	at org.springframework.http.client.AbstractBufferingClientHttpRequest.executeInternal(AbstractBufferingClientHttpRequest.java:48)
	at org.springframework.http.client.AbstractClientHttpRequest.execute(AbstractClientHttpRequest.java:81)
	at org.springframework.web.client.RestTemplate.doExecute(RestTemplate.java:900)
	... 22 common frames omitted
2026-05-06 06:57:49.774 | WARN  | [DiscoveryClient-HeartbeatExecutor-%d] | c.n.d.s.t.d.RetryableEurekaHttpClient.execute | Request execution failed with message: I/O error on PUT request for "http://localhost:7000/eureka/apps/AUTHSERVICE/DESKTOP-A2NNC5Q:authservice:8001": Connect to http://localhost:7000 failed: Connection refused: no further information
2026-05-06 06:57:49.774 | WARN  | [DiscoveryClient-CacheRefreshExecutor-%d] | c.n.d.s.t.d.RetryableEurekaHttpClient.execute | Request execution failed with message: I/O error on GET request for "http://localhost:7000/eureka/apps/delta": Connect to http://localhost:7000 failed: Connection refused: no further information
2026-05-06 06:57:49.856 | INFO  | [DiscoveryClient-CacheRefreshExecutor-%d] | c.n.d.s.t.d.RedirectingEurekaHttpClient.execute | Request execution error. endpoint=DefaultEndpoint{ serviceUrl='http://localhost:7000/eureka/}, exception=I/O error on GET request for "http://localhost:7000/eureka/apps/delta": Connect to http://localhost:7000 failed: Connection refused: no further information
org.springframework.web.client.ResourceAccessException: I/O error on GET request for "http://localhost:7000/eureka/apps/delta": Connect to http://localhost:7000 failed: Connection refused: no further information
	at org.springframework.web.client.RestTemplate.createResourceAccessException(RestTemplate.java:926)
	at org.springframework.web.client.RestTemplate.doExecute(RestTemplate.java:906)
	at org.springframework.web.client.RestTemplate.execute(RestTemplate.java:841)
	at org.springframework.web.client.RestTemplate.exchange(RestTemplate.java:702)
	at org.springframework.cloud.netflix.eureka.http.RestTemplateEurekaHttpClient.getApplicationsInternal(RestTemplateEurekaHttpClient.java:174)
	at org.springframework.cloud.netflix.eureka.http.RestTemplateEurekaHttpClient.getDelta(RestTemplateEurekaHttpClient.java:186)
	at com.netflix.discovery.shared.transport.decorator.EurekaHttpClientDecorator$7.execute(EurekaHttpClientDecorator.java:152)
	at com.netflix.discovery.shared.transport.decorator.RedirectingEurekaHttpClient.executeOnNewServer(RedirectingEurekaHttpClient.java:120)
	at com.netflix.discovery.shared.transport.decorator.RedirectingEurekaHttpClient.execute(RedirectingEurekaHttpClient.java:79)
	at com.netflix.discovery.shared.transport.decorator.EurekaHttpClientDecorator.getDelta(EurekaHttpClientDecorator.java:149)
	at com.netflix.discovery.shared.transport.decorator.EurekaHttpClientDecorator$7.execute(EurekaHttpClientDecorator.java:152)
	at com.netflix.discovery.shared.transport.decorator.RetryableEurekaHttpClient.execute(RetryableEurekaHttpClient.java:120)
	at com.netflix.discovery.shared.transport.decorator.EurekaHttpClientDecorator.getDelta(EurekaHttpClientDecorator.java:149)
	at com.netflix.discovery.shared.transport.decorator.EurekaHttpClientDecorator$7.execute(EurekaHttpClientDecorator.java:152)
	at com.netflix.discovery.shared.transport.decorator.SessionedEurekaHttpClient.execute(SessionedEurekaHttpClient.java:76)
	at com.netflix.discovery.shared.transport.decorator.EurekaHttpClientDecorator.getDelta(EurekaHttpClientDecorator.java:149)
	at com.netflix.discovery.DiscoveryClient.getAndUpdateDelta(DiscoveryClient.java:1095)
	at com.netflix.discovery.DiscoveryClient.fetchRegistry(DiscoveryClient.java:978)
	at com.netflix.discovery.DiscoveryClient.refreshRegistry(DiscoveryClient.java:1489)
	at com.netflix.discovery.DiscoveryClient$CacheRefreshThread.run(DiscoveryClient.java:1457)
	at java.base/java.util.concurrent.Executors$RunnableAdapter.call(Executors.java:539)
	at java.base/java.util.concurrent.FutureTask.run(FutureTask.java:264)
	at java.base/java.util.concurrent.ThreadPoolExecutor.runWorker(ThreadPoolExecutor.java:1136)
	at java.base/java.util.concurrent.ThreadPoolExecutor$Worker.run(ThreadPoolExecutor.java:635)
	at java.base/java.lang.Thread.run(Thread.java:842)
Caused by: org.apache.hc.client5.http.HttpHostConnectException: Connect to http://localhost:7000 failed: Connection refused: no further information
	at java.base/sun.nio.ch.Net.pollConnect(Native Method)
	at java.base/sun.nio.ch.Net.pollConnectNow(Net.java:672)
	at java.base/sun.nio.ch.NioSocketImpl.timedFinishConnect(NioSocketImpl.java:547)
	at java.base/sun.nio.ch.NioSocketImpl.connect(NioSocketImpl.java:602)
	at java.base/java.net.SocksSocketImpl.connect(SocksSocketImpl.java:327)
	at java.base/java.net.Socket.connect(Socket.java:633)
	at org.apache.hc.client5.http.impl.io.DefaultHttpClientConnectionOperator.connect(DefaultHttpClientConnectionOperator.java:226)
	at org.apache.hc.client5.http.impl.io.PoolingHttpClientConnectionManager.connect(PoolingHttpClientConnectionManager.java:497)
	at org.apache.hc.client5.http.impl.classic.InternalExecRuntime.connectEndpoint(InternalExecRuntime.java:164)
	at org.apache.hc.client5.http.impl.classic.InternalExecRuntime.connectEndpoint(InternalExecRuntime.java:174)
	at org.apache.hc.client5.http.impl.classic.ConnectExec.execute(ConnectExec.java:144)
	at org.apache.hc.client5.http.impl.classic.ExecChainElement.execute(ExecChainElement.java:51)
	at org.apache.hc.client5.http.impl.classic.ProtocolExec.execute(ProtocolExec.java:195)
	at org.apache.hc.client5.http.impl.classic.ExecChainElement.execute(ExecChainElement.java:51)
	at org.apache.hc.client5.http.impl.classic.ContentCompressionExec.execute(ContentCompressionExec.java:168)
	at org.apache.hc.client5.http.impl.classic.ExecChainElement.execute(ExecChainElement.java:51)
	at org.apache.hc.client5.http.impl.classic.HttpRequestRetryExec.execute(HttpRequestRetryExec.java:112)
	at org.apache.hc.client5.http.impl.classic.ExecChainElement.execute(ExecChainElement.java:51)
	at org.apache.hc.client5.http.impl.classic.RedirectExec.execute(RedirectExec.java:110)
	at org.apache.hc.client5.http.impl.classic.ExecChainElement.execute(ExecChainElement.java:51)
	at org.apache.hc.client5.http.impl.classic.InternalHttpClient.doExecute(InternalHttpClient.java:185)
	at org.apache.hc.client5.http.impl.classic.CloseableHttpClient.execute(CloseableHttpClient.java:87)
	at org.apache.hc.client5.http.impl.classic.CloseableHttpClient.execute(CloseableHttpClient.java:55)
	at org.apache.hc.client5.http.classic.HttpClient.executeOpen(HttpClient.java:183)
	at org.springframework.http.client.HttpComponentsClientHttpRequest.executeInternal(HttpComponentsClientHttpRequest.java:99)
	at org.springframework.http.client.AbstractStreamingClientHttpRequest.executeInternal(AbstractStreamingClientHttpRequest.java:88)
	at org.springframework.http.client.AbstractClientHttpRequest.execute(AbstractClientHttpRequest.java:81)
	at org.springframework.http.client.InterceptingClientHttpRequest$InterceptingRequestExecution.execute(InterceptingClientHttpRequest.java:117)
	at org.springframework.cloud.netflix.eureka.http.RestTemplateTransportClientFactory.lambda$restTemplate$2(RestTemplateTransportClientFactory.java:145)
	at org.springframework.http.client.InterceptingClientHttpRequest$InterceptingRequestExecution.execute(InterceptingClientHttpRequest.java:88)
	at org.springframework.http.client.InterceptingClientHttpRequest.executeInternal(InterceptingClientHttpRequest.java:72)
	at org.springframework.http.client.AbstractBufferingClientHttpRequest.executeInternal(AbstractBufferingClientHttpRequest.java:48)
	at org.springframework.http.client.AbstractClientHttpRequest.execute(AbstractClientHttpRequest.java:81)
	at org.springframework.web.client.RestTemplate.doExecute(RestTemplate.java:900)
	... 23 common frames omitted
2026-05-06 06:57:49.856 | WARN  | [DiscoveryClient-CacheRefreshExecutor-%d] | c.n.d.s.t.d.RetryableEurekaHttpClient.execute | Request execution failed with message: I/O error on GET request for "http://localhost:7000/eureka/apps/delta": Connect to http://localhost:7000 failed: Connection refused: no further information
2026-05-06 06:57:49.856 | INFO  | [DiscoveryClient-HeartbeatExecutor-%d] | c.n.d.s.t.d.RedirectingEurekaHttpClient.execute | Request execution error. endpoint=DefaultEndpoint{ serviceUrl='http://localhost:7000/eureka/}, exception=I/O error on PUT request for "http://localhost:7000/eureka/apps/AUTHSERVICE/DESKTOP-A2NNC5Q:authservice:8001": Connect to http://localhost:7000 failed: Connection refused: no further information
org.springframework.web.client.ResourceAccessException: I/O error on PUT request for "http://localhost:7000/eureka/apps/AUTHSERVICE/DESKTOP-A2NNC5Q:authservice:8001": Connect to http://localhost:7000 failed: Connection refused: no further information
	at org.springframework.web.client.RestTemplate.createResourceAccessException(RestTemplate.java:926)
	at org.springframework.web.client.RestTemplate.doExecute(RestTemplate.java:906)
	at org.springframework.web.client.RestTemplate.execute(RestTemplate.java:841)
	at org.springframework.web.client.RestTemplate.exchange(RestTemplate.java:702)
	at org.springframework.cloud.netflix.eureka.http.RestTemplateEurekaHttpClient.sendHeartBeat(RestTemplateEurekaHttpClient.java:119)
	at com.netflix.discovery.shared.transport.decorator.EurekaHttpClientDecorator$3.execute(EurekaHttpClientDecorator.java:92)
	at com.netflix.discovery.shared.transport.decorator.RedirectingEurekaHttpClient.executeOnNewServer(RedirectingEurekaHttpClient.java:120)
	at com.netflix.discovery.shared.transport.decorator.RedirectingEurekaHttpClient.execute(RedirectingEurekaHttpClient.java:79)
	at com.netflix.discovery.shared.transport.decorator.EurekaHttpClientDecorator.sendHeartBeat(EurekaHttpClientDecorator.java:89)
	at com.netflix.discovery.shared.transport.decorator.EurekaHttpClientDecorator$3.execute(EurekaHttpClientDecorator.java:92)
	at com.netflix.discovery.shared.transport.decorator.RetryableEurekaHttpClient.execute(RetryableEurekaHttpClient.java:120)
	at com.netflix.discovery.shared.transport.decorator.EurekaHttpClientDecorator.sendHeartBeat(EurekaHttpClientDecorator.java:89)
	at com.netflix.discovery.shared.transport.decorator.EurekaHttpClientDecorator$3.execute(EurekaHttpClientDecorator.java:92)
	at com.netflix.discovery.shared.transport.decorator.SessionedEurekaHttpClient.execute(SessionedEurekaHttpClient.java:76)
	at com.netflix.discovery.shared.transport.decorator.EurekaHttpClientDecorator.sendHeartBeat(EurekaHttpClientDecorator.java:89)
	at com.netflix.discovery.DiscoveryClient.renew(DiscoveryClient.java:860)
	at com.netflix.discovery.DiscoveryClient$HeartbeatThread.run(DiscoveryClient.java:1418)
	at java.base/java.util.concurrent.Executors$RunnableAdapter.call(Executors.java:539)
	at java.base/java.util.concurrent.FutureTask.run(FutureTask.java:264)
	at java.base/java.util.concurrent.ThreadPoolExecutor.runWorker(ThreadPoolExecutor.java:1136)
	at java.base/java.util.concurrent.ThreadPoolExecutor$Worker.run(ThreadPoolExecutor.java:635)
	at java.base/java.lang.Thread.run(Thread.java:842)
Caused by: org.apache.hc.client5.http.HttpHostConnectException: Connect to http://localhost:7000 failed: Connection refused: no further information
	at java.base/sun.nio.ch.Net.pollConnect(Native Method)
	at java.base/sun.nio.ch.Net.pollConnectNow(Net.java:672)
	at java.base/sun.nio.ch.NioSocketImpl.timedFinishConnect(NioSocketImpl.java:547)
	at java.base/sun.nio.ch.NioSocketImpl.connect(NioSocketImpl.java:602)
	at java.base/java.net.SocksSocketImpl.connect(SocksSocketImpl.java:327)
	at java.base/java.net.Socket.connect(Socket.java:633)
	at org.apache.hc.client5.http.impl.io.DefaultHttpClientConnectionOperator.connect(DefaultHttpClientConnectionOperator.java:226)
	at org.apache.hc.client5.http.impl.io.PoolingHttpClientConnectionManager.connect(PoolingHttpClientConnectionManager.java:497)
	at org.apache.hc.client5.http.impl.classic.InternalExecRuntime.connectEndpoint(InternalExecRuntime.java:164)
	at org.apache.hc.client5.http.impl.classic.InternalExecRuntime.connectEndpoint(InternalExecRuntime.java:174)
	at org.apache.hc.client5.http.impl.classic.ConnectExec.execute(ConnectExec.java:144)
	at org.apache.hc.client5.http.impl.classic.ExecChainElement.execute(ExecChainElement.java:51)
	at org.apache.hc.client5.http.impl.classic.ProtocolExec.execute(ProtocolExec.java:195)
	at org.apache.hc.client5.http.impl.classic.ExecChainElement.execute(ExecChainElement.java:51)
	at org.apache.hc.client5.http.impl.classic.ContentCompressionExec.execute(ContentCompressionExec.java:168)
	at org.apache.hc.client5.http.impl.classic.ExecChainElement.execute(ExecChainElement.java:51)
	at org.apache.hc.client5.http.impl.classic.HttpRequestRetryExec.execute(HttpRequestRetryExec.java:112)
	at org.apache.hc.client5.http.impl.classic.ExecChainElement.execute(ExecChainElement.java:51)
	at org.apache.hc.client5.http.impl.classic.RedirectExec.execute(RedirectExec.java:110)
	at org.apache.hc.client5.http.impl.classic.ExecChainElement.execute(ExecChainElement.java:51)
	at org.apache.hc.client5.http.impl.classic.InternalHttpClient.doExecute(InternalHttpClient.java:185)
	at org.apache.hc.client5.http.impl.classic.CloseableHttpClient.execute(CloseableHttpClient.java:87)
	at org.apache.hc.client5.http.impl.classic.CloseableHttpClient.execute(CloseableHttpClient.java:55)
	at org.apache.hc.client5.http.classic.HttpClient.executeOpen(HttpClient.java:183)
	at org.springframework.http.client.HttpComponentsClientHttpRequest.executeInternal(HttpComponentsClientHttpRequest.java:99)
	at org.springframework.http.client.AbstractStreamingClientHttpRequest.executeInternal(AbstractStreamingClientHttpRequest.java:88)
	at org.springframework.http.client.AbstractClientHttpRequest.execute(AbstractClientHttpRequest.java:81)
	at org.springframework.http.client.InterceptingClientHttpRequest$InterceptingRequestExecution.execute(InterceptingClientHttpRequest.java:117)
	at org.springframework.cloud.netflix.eureka.http.RestTemplateTransportClientFactory.lambda$restTemplate$2(RestTemplateTransportClientFactory.java:145)
	at org.springframework.http.client.InterceptingClientHttpRequest$InterceptingRequestExecution.execute(InterceptingClientHttpRequest.java:88)
	at org.springframework.http.client.InterceptingClientHttpRequest.executeInternal(InterceptingClientHttpRequest.java:72)
	at org.springframework.http.client.AbstractBufferingClientHttpRequest.executeInternal(AbstractBufferingClientHttpRequest.java:48)
	at org.springframework.http.client.AbstractClientHttpRequest.execute(AbstractClientHttpRequest.java:81)
	at org.springframework.web.client.RestTemplate.doExecute(RestTemplate.java:900)
	... 20 common frames omitted
2026-05-06 06:57:49.856 | WARN  | [DiscoveryClient-HeartbeatExecutor-%d] | c.n.d.s.t.d.RetryableEurekaHttpClient.execute | Request execution failed with message: I/O error on PUT request for "http://localhost:7000/eureka/apps/AUTHSERVICE/DESKTOP-A2NNC5Q:authservice:8001": Connect to http://localhost:7000 failed: Connection refused: no further information
2026-05-06 06:57:49.856 | INFO  | [DiscoveryClient-CacheRefreshExecutor-%d] | c.netflix.discovery.DiscoveryClient.fetchRegistry | DiscoveryClient_AUTHSERVICE/DESKTOP-A2NNC5Q:authservice:8001 - was unable to refresh its cache! This periodic background refresh will be retried in 30 seconds. status = Cannot execute request on any known server
com.netflix.discovery.shared.transport.TransportException: Cannot execute request on any known server
	at com.netflix.discovery.shared.transport.decorator.RetryableEurekaHttpClient.execute(RetryableEurekaHttpClient.java:112)
	at com.netflix.discovery.shared.transport.decorator.EurekaHttpClientDecorator.getDelta(EurekaHttpClientDecorator.java:149)
	at com.netflix.discovery.shared.transport.decorator.EurekaHttpClientDecorator$7.execute(EurekaHttpClientDecorator.java:152)
	at com.netflix.discovery.shared.transport.decorator.SessionedEurekaHttpClient.execute(SessionedEurekaHttpClient.java:76)
	at com.netflix.discovery.shared.transport.decorator.EurekaHttpClientDecorator.getDelta(EurekaHttpClientDecorator.java:149)
	at com.netflix.discovery.DiscoveryClient.getAndUpdateDelta(DiscoveryClient.java:1095)
	at com.netflix.discovery.DiscoveryClient.fetchRegistry(DiscoveryClient.java:978)
	at com.netflix.discovery.DiscoveryClient.refreshRegistry(DiscoveryClient.java:1489)
	at com.netflix.discovery.DiscoveryClient$CacheRefreshThread.run(DiscoveryClient.java:1457)
	at java.base/java.util.concurrent.Executors$RunnableAdapter.call(Executors.java:539)
	at java.base/java.util.concurrent.FutureTask.run(FutureTask.java:264)
	at java.base/java.util.concurrent.ThreadPoolExecutor.runWorker(ThreadPoolExecutor.java:1136)
	at java.base/java.util.concurrent.ThreadPoolExecutor$Worker.run(ThreadPoolExecutor.java:635)
	at java.base/java.lang.Thread.run(Thread.java:842)
2026-05-06 06:57:49.856 | ERROR | [DiscoveryClient-HeartbeatExecutor-%d] | c.netflix.discovery.DiscoveryClient.renew | DiscoveryClient_AUTHSERVICE/DESKTOP-A2NNC5Q:authservice:8001 - was unable to send heartbeat!
com.netflix.discovery.shared.transport.TransportException: Cannot execute request on any known server
	at com.netflix.discovery.shared.transport.decorator.RetryableEurekaHttpClient.execute(RetryableEurekaHttpClient.java:112)
	at com.netflix.discovery.shared.transport.decorator.EurekaHttpClientDecorator.sendHeartBeat(EurekaHttpClientDecorator.java:89)
	at com.netflix.discovery.shared.transport.decorator.EurekaHttpClientDecorator$3.execute(EurekaHttpClientDecorator.java:92)
	at com.netflix.discovery.shared.transport.decorator.SessionedEurekaHttpClient.execute(SessionedEurekaHttpClient.java:76)
	at com.netflix.discovery.shared.transport.decorator.EurekaHttpClientDecorator.sendHeartBeat(EurekaHttpClientDecorator.java:89)
	at com.netflix.discovery.DiscoveryClient.renew(DiscoveryClient.java:860)
	at com.netflix.discovery.DiscoveryClient$HeartbeatThread.run(DiscoveryClient.java:1418)
	at java.base/java.util.concurrent.Executors$RunnableAdapter.call(Executors.java:539)
	at java.base/java.util.concurrent.FutureTask.run(FutureTask.java:264)
	at java.base/java.util.concurrent.ThreadPoolExecutor.runWorker(ThreadPoolExecutor.java:1136)
	at java.base/java.util.concurrent.ThreadPoolExecutor$Worker.run(ThreadPoolExecutor.java:635)
	at java.base/java.lang.Thread.run(Thread.java:842)
2026-05-06 06:58:19.902 | INFO  | [DiscoveryClient-HeartbeatExecutor-%d] | c.n.d.s.t.d.RedirectingEurekaHttpClient.execute | Request execution error. endpoint=DefaultEndpoint{ serviceUrl='http://localhost:7000/eureka/}, exception=I/O error on PUT request for "http://localhost:7000/eureka/apps/AUTHSERVICE/DESKTOP-A2NNC5Q:authservice:8001": Connect to http://localhost:7000 failed: Connection refused: no further information
org.springframework.web.client.ResourceAccessException: I/O error on PUT request for "http://localhost:7000/eureka/apps/AUTHSERVICE/DESKTOP-A2NNC5Q:authservice:8001": Connect to http://localhost:7000 failed: Connection refused: no further information
	at org.springframework.web.client.RestTemplate.createResourceAccessException(RestTemplate.java:926)
	at org.springframework.web.client.RestTemplate.doExecute(RestTemplate.java:906)
	at org.springframework.web.client.RestTemplate.execute(RestTemplate.java:841)
	at org.springframework.web.client.RestTemplate.exchange(RestTemplate.java:702)
	at org.springframework.cloud.netflix.eureka.http.RestTemplateEurekaHttpClient.sendHeartBeat(RestTemplateEurekaHttpClient.java:119)
	at com.netflix.discovery.shared.transport.decorator.EurekaHttpClientDecorator$3.execute(EurekaHttpClientDecorator.java:92)
	at com.netflix.discovery.shared.transport.decorator.RedirectingEurekaHttpClient.executeOnNewServer(RedirectingEurekaHttpClient.java:120)
	at com.netflix.discovery.shared.transport.decorator.RedirectingEurekaHttpClient.execute(RedirectingEurekaHttpClient.java:79)
	at com.netflix.discovery.shared.transport.decorator.EurekaHttpClientDecorator.sendHeartBeat(EurekaHttpClientDecorator.java:89)
	at com.netflix.discovery.shared.transport.decorator.EurekaHttpClientDecorator$3.execute(EurekaHttpClientDecorator.java:92)
	at com.netflix.discovery.shared.transport.decorator.RetryableEurekaHttpClient.execute(RetryableEurekaHttpClient.java:120)
	at com.netflix.discovery.shared.transport.decorator.EurekaHttpClientDecorator.sendHeartBeat(EurekaHttpClientDecorator.java:89)
	at com.netflix.discovery.shared.transport.decorator.EurekaHttpClientDecorator$3.execute(EurekaHttpClientDecorator.java:92)
	at com.netflix.discovery.shared.transport.decorator.SessionedEurekaHttpClient.execute(SessionedEurekaHttpClient.java:76)
	at com.netflix.discovery.shared.transport.decorator.EurekaHttpClientDecorator.sendHeartBeat(EurekaHttpClientDecorator.java:89)
	at com.netflix.discovery.DiscoveryClient.renew(DiscoveryClient.java:860)
	at com.netflix.discovery.DiscoveryClient$HeartbeatThread.run(DiscoveryClient.java:1418)
	at java.base/java.util.concurrent.Executors$RunnableAdapter.call(Executors.java:539)
	at java.base/java.util.concurrent.FutureTask.run(FutureTask.java:264)
	at java.base/java.util.concurrent.ThreadPoolExecutor.runWorker(ThreadPoolExecutor.java:1136)
	at java.base/java.util.concurrent.ThreadPoolExecutor$Worker.run(ThreadPoolExecutor.java:635)
	at java.base/java.lang.Thread.run(Thread.java:842)
Caused by: org.apache.hc.client5.http.HttpHostConnectException: Connect to http://localhost:7000 failed: Connection refused: no further information
	at java.base/sun.nio.ch.Net.pollConnect(Native Method)
	at java.base/sun.nio.ch.Net.pollConnectNow(Net.java:672)
	at java.base/sun.nio.ch.NioSocketImpl.timedFinishConnect(NioSocketImpl.java:547)
	at java.base/sun.nio.ch.NioSocketImpl.connect(NioSocketImpl.java:602)
	at java.base/java.net.SocksSocketImpl.connect(SocksSocketImpl.java:327)
	at java.base/java.net.Socket.connect(Socket.java:633)
	at org.apache.hc.client5.http.impl.io.DefaultHttpClientConnectionOperator.connect(DefaultHttpClientConnectionOperator.java:226)
	at org.apache.hc.client5.http.impl.io.PoolingHttpClientConnectionManager.connect(PoolingHttpClientConnectionManager.java:497)
	at org.apache.hc.client5.http.impl.classic.InternalExecRuntime.connectEndpoint(InternalExecRuntime.java:164)
	at org.apache.hc.client5.http.impl.classic.InternalExecRuntime.connectEndpoint(InternalExecRuntime.java:174)
	at org.apache.hc.client5.http.impl.classic.ConnectExec.execute(ConnectExec.java:144)
	at org.apache.hc.client5.http.impl.classic.ExecChainElement.execute(ExecChainElement.java:51)
	at org.apache.hc.client5.http.impl.classic.ProtocolExec.execute(ProtocolExec.java:195)
	at org.apache.hc.client5.http.impl.classic.ExecChainElement.execute(ExecChainElement.java:51)
	at org.apache.hc.client5.http.impl.classic.ContentCompressionExec.execute(ContentCompressionExec.java:168)
	at org.apache.hc.client5.http.impl.classic.ExecChainElement.execute(ExecChainElement.java:51)
	at org.apache.hc.client5.http.impl.classic.HttpRequestRetryExec.execute(HttpRequestRetryExec.java:112)
	at org.apache.hc.client5.http.impl.classic.ExecChainElement.execute(ExecChainElement.java:51)
	at org.apache.hc.client5.http.impl.classic.RedirectExec.execute(RedirectExec.java:110)
	at org.apache.hc.client5.http.impl.classic.ExecChainElement.execute(ExecChainElement.java:51)
	at org.apache.hc.client5.http.impl.classic.InternalHttpClient.doExecute(InternalHttpClient.java:185)
	at org.apache.hc.client5.http.impl.classic.CloseableHttpClient.execute(CloseableHttpClient.java:87)
	at org.apache.hc.client5.http.impl.classic.CloseableHttpClient.execute(CloseableHttpClient.java:55)
	at org.apache.hc.client5.http.classic.HttpClient.executeOpen(HttpClient.java:183)
	at org.springframework.http.client.HttpComponentsClientHttpRequest.executeInternal(HttpComponentsClientHttpRequest.java:99)
	at org.springframework.http.client.AbstractStreamingClientHttpRequest.executeInternal(AbstractStreamingClientHttpRequest.java:88)
	at org.springframework.http.client.AbstractClientHttpRequest.execute(AbstractClientHttpRequest.java:81)
	at org.springframework.http.client.InterceptingClientHttpRequest$InterceptingRequestExecution.execute(InterceptingClientHttpRequest.java:117)
	at org.springframework.cloud.netflix.eureka.http.RestTemplateTransportClientFactory.lambda$restTemplate$2(RestTemplateTransportClientFactory.java:145)
	at org.springframework.http.client.InterceptingClientHttpRequest$InterceptingRequestExecution.execute(InterceptingClientHttpRequest.java:88)
	at org.springframework.http.client.InterceptingClientHttpRequest.executeInternal(InterceptingClientHttpRequest.java:72)
	at org.springframework.http.client.AbstractBufferingClientHttpRequest.executeInternal(AbstractBufferingClientHttpRequest.java:48)
	at org.springframework.http.client.AbstractClientHttpRequest.execute(AbstractClientHttpRequest.java:81)
	at org.springframework.web.client.RestTemplate.doExecute(RestTemplate.java:900)
	... 20 common frames omitted
2026-05-06 06:58:19.903 | WARN  | [DiscoveryClient-HeartbeatExecutor-%d] | c.n.d.s.t.d.RetryableEurekaHttpClient.execute | Request execution failed with message: I/O error on PUT request for "http://localhost:7000/eureka/apps/AUTHSERVICE/DESKTOP-A2NNC5Q:authservice:8001": Connect to http://localhost:7000 failed: Connection refused: no further information
2026-05-06 06:58:19.902 | INFO  | [DiscoveryClient-CacheRefreshExecutor-%d] | c.n.d.s.t.d.RedirectingEurekaHttpClient.execute | Request execution error. endpoint=DefaultEndpoint{ serviceUrl='http://localhost:7000/eureka/}, exception=I/O error on GET request for "http://localhost:7000/eureka/apps/delta": Connect to http://localhost:7000 failed: Connection refused: no further information
org.springframework.web.client.ResourceAccessException: I/O error on GET request for "http://localhost:7000/eureka/apps/delta": Connect to http://localhost:7000 failed: Connection refused: no further information
	at org.springframework.web.client.RestTemplate.createResourceAccessException(RestTemplate.java:926)
	at org.springframework.web.client.RestTemplate.doExecute(RestTemplate.java:906)
	at org.springframework.web.client.RestTemplate.execute(RestTemplate.java:841)
	at org.springframework.web.client.RestTemplate.exchange(RestTemplate.java:702)
	at org.springframework.cloud.netflix.eureka.http.RestTemplateEurekaHttpClient.getApplicationsInternal(RestTemplateEurekaHttpClient.java:174)
	at org.springframework.cloud.netflix.eureka.http.RestTemplateEurekaHttpClient.getDelta(RestTemplateEurekaHttpClient.java:186)
	at com.netflix.discovery.shared.transport.decorator.EurekaHttpClientDecorator$7.execute(EurekaHttpClientDecorator.java:152)
	at com.netflix.discovery.shared.transport.decorator.RedirectingEurekaHttpClient.executeOnNewServer(RedirectingEurekaHttpClient.java:120)
	at com.netflix.discovery.shared.transport.decorator.RedirectingEurekaHttpClient.execute(RedirectingEurekaHttpClient.java:79)
	at com.netflix.discovery.shared.transport.decorator.EurekaHttpClientDecorator.getDelta(EurekaHttpClientDecorator.java:149)
	at com.netflix.discovery.shared.transport.decorator.EurekaHttpClientDecorator$7.execute(EurekaHttpClientDecorator.java:152)
	at com.netflix.discovery.shared.transport.decorator.RetryableEurekaHttpClient.execute(RetryableEurekaHttpClient.java:120)
	at com.netflix.discovery.shared.transport.decorator.EurekaHttpClientDecorator.getDelta(EurekaHttpClientDecorator.java:149)
	at com.netflix.discovery.shared.transport.decorator.EurekaHttpClientDecorator$7.execute(EurekaHttpClientDecorator.java:152)
	at com.netflix.discovery.shared.transport.decorator.SessionedEurekaHttpClient.execute(SessionedEurekaHttpClient.java:76)
	at com.netflix.discovery.shared.transport.decorator.EurekaHttpClientDecorator.getDelta(EurekaHttpClientDecorator.java:149)
	at com.netflix.discovery.DiscoveryClient.getAndUpdateDelta(DiscoveryClient.java:1095)
	at com.netflix.discovery.DiscoveryClient.fetchRegistry(DiscoveryClient.java:978)
	at com.netflix.discovery.DiscoveryClient.refreshRegistry(DiscoveryClient.java:1489)
	at com.netflix.discovery.DiscoveryClient$CacheRefreshThread.run(DiscoveryClient.java:1457)
	at java.base/java.util.concurrent.Executors$RunnableAdapter.call(Executors.java:539)
	at java.base/java.util.concurrent.FutureTask.run(FutureTask.java:264)
	at java.base/java.util.concurrent.ThreadPoolExecutor.runWorker(ThreadPoolExecutor.java:1136)
	at java.base/java.util.concurrent.ThreadPoolExecutor$Worker.run(ThreadPoolExecutor.java:635)
	at java.base/java.lang.Thread.run(Thread.java:842)
Caused by: org.apache.hc.client5.http.HttpHostConnectException: Connect to http://localhost:7000 failed: Connection refused: no further information
	at java.base/sun.nio.ch.Net.pollConnect(Native Method)
	at java.base/sun.nio.ch.Net.pollConnectNow(Net.java:672)
	at java.base/sun.nio.ch.NioSocketImpl.timedFinishConnect(NioSocketImpl.java:547)
	at java.base/sun.nio.ch.NioSocketImpl.connect(NioSocketImpl.java:602)
	at java.base/java.net.SocksSocketImpl.connect(SocksSocketImpl.java:327)
	at java.base/java.net.Socket.connect(Socket.java:633)
	at org.apache.hc.client5.http.impl.io.DefaultHttpClientConnectionOperator.connect(DefaultHttpClientConnectionOperator.java:226)
	at org.apache.hc.client5.http.impl.io.PoolingHttpClientConnectionManager.connect(PoolingHttpClientConnectionManager.java:497)
	at org.apache.hc.client5.http.impl.classic.InternalExecRuntime.connectEndpoint(InternalExecRuntime.java:164)
	at org.apache.hc.client5.http.impl.classic.InternalExecRuntime.connectEndpoint(InternalExecRuntime.java:174)
	at org.apache.hc.client5.http.impl.classic.ConnectExec.execute(ConnectExec.java:144)
	at org.apache.hc.client5.http.impl.classic.ExecChainElement.execute(ExecChainElement.java:51)
	at org.apache.hc.client5.http.impl.classic.ProtocolExec.execute(ProtocolExec.java:195)
	at org.apache.hc.client5.http.impl.classic.ExecChainElement.execute(ExecChainElement.java:51)
	at org.apache.hc.client5.http.impl.classic.ContentCompressionExec.execute(ContentCompressionExec.java:168)
	at org.apache.hc.client5.http.impl.classic.ExecChainElement.execute(ExecChainElement.java:51)
	at org.apache.hc.client5.http.impl.classic.HttpRequestRetryExec.execute(HttpRequestRetryExec.java:112)
	at org.apache.hc.client5.http.impl.classic.ExecChainElement.execute(ExecChainElement.java:51)
	at org.apache.hc.client5.http.impl.classic.RedirectExec.execute(RedirectExec.java:110)
	at org.apache.hc.client5.http.impl.classic.ExecChainElement.execute(ExecChainElement.java:51)
	at org.apache.hc.client5.http.impl.classic.InternalHttpClient.doExecute(InternalHttpClient.java:185)
	at org.apache.hc.client5.http.impl.classic.CloseableHttpClient.execute(CloseableHttpClient.java:87)
	at org.apache.hc.client5.http.impl.classic.CloseableHttpClient.execute(CloseableHttpClient.java:55)
	at org.apache.hc.client5.http.classic.HttpClient.executeOpen(HttpClient.java:183)
	at org.springframework.http.client.HttpComponentsClientHttpRequest.executeInternal(HttpComponentsClientHttpRequest.java:99)
	at org.springframework.http.client.AbstractStreamingClientHttpRequest.executeInternal(AbstractStreamingClientHttpRequest.java:88)
	at org.springframework.http.client.AbstractClientHttpRequest.execute(AbstractClientHttpRequest.java:81)
	at org.springframework.http.client.InterceptingClientHttpRequest$InterceptingRequestExecution.execute(InterceptingClientHttpRequest.java:117)
	at org.springframework.cloud.netflix.eureka.http.RestTemplateTransportClientFactory.lambda$restTemplate$2(RestTemplateTransportClientFactory.java:145)
	at org.springframework.http.client.InterceptingClientHttpRequest$InterceptingRequestExecution.execute(InterceptingClientHttpRequest.java:88)
	at org.springframework.http.client.InterceptingClientHttpRequest.executeInternal(InterceptingClientHttpRequest.java:72)
	at org.springframework.http.client.AbstractBufferingClientHttpRequest.executeInternal(AbstractBufferingClientHttpRequest.java:48)
	at org.springframework.http.client.AbstractClientHttpRequest.execute(AbstractClientHttpRequest.java:81)
	at org.springframework.web.client.RestTemplate.doExecute(RestTemplate.java:900)
	... 23 common frames omitted
2026-05-06 06:58:19.904 | ERROR | [DiscoveryClient-HeartbeatExecutor-%d] | c.netflix.discovery.DiscoveryClient.renew | DiscoveryClient_AUTHSERVICE/DESKTOP-A2NNC5Q:authservice:8001 - was unable to send heartbeat!
com.netflix.discovery.shared.transport.TransportException: Cannot execute request on any known server
	at com.netflix.discovery.shared.transport.decorator.RetryableEurekaHttpClient.execute(RetryableEurekaHttpClient.java:112)
	at com.netflix.discovery.shared.transport.decorator.EurekaHttpClientDecorator.sendHeartBeat(EurekaHttpClientDecorator.java:89)
	at com.netflix.discovery.shared.transport.decorator.EurekaHttpClientDecorator$3.execute(EurekaHttpClientDecorator.java:92)
	at com.netflix.discovery.shared.transport.decorator.SessionedEurekaHttpClient.execute(SessionedEurekaHttpClient.java:76)
	at com.netflix.discovery.shared.transport.decorator.EurekaHttpClientDecorator.sendHeartBeat(EurekaHttpClientDecorator.java:89)
	at com.netflix.discovery.DiscoveryClient.renew(DiscoveryClient.java:860)
	at com.netflix.discovery.DiscoveryClient$HeartbeatThread.run(DiscoveryClient.java:1418)
	at java.base/java.util.concurrent.Executors$RunnableAdapter.call(Executors.java:539)
	at java.base/java.util.concurrent.FutureTask.run(FutureTask.java:264)
	at java.base/java.util.concurrent.ThreadPoolExecutor.runWorker(ThreadPoolExecutor.java:1136)
	at java.base/java.util.concurrent.ThreadPoolExecutor$Worker.run(ThreadPoolExecutor.java:635)
	at java.base/java.lang.Thread.run(Thread.java:842)
2026-05-06 06:58:19.905 | WARN  | [DiscoveryClient-CacheRefreshExecutor-%d] | c.n.d.s.t.d.RetryableEurekaHttpClient.execute | Request execution failed with message: I/O error on GET request for "http://localhost:7000/eureka/apps/delta": Connect to http://localhost:7000 failed: Connection refused: no further information
2026-05-06 06:58:19.906 | INFO  | [DiscoveryClient-CacheRefreshExecutor-%d] | c.netflix.discovery.DiscoveryClient.fetchRegistry | DiscoveryClient_AUTHSERVICE/DESKTOP-A2NNC5Q:authservice:8001 - was unable to refresh its cache! This periodic background refresh will be retried in 30 seconds. status = Cannot execute request on any known server
com.netflix.discovery.shared.transport.TransportException: Cannot execute request on any known server
	at com.netflix.discovery.shared.transport.decorator.RetryableEurekaHttpClient.execute(RetryableEurekaHttpClient.java:112)
	at com.netflix.discovery.shared.transport.decorator.EurekaHttpClientDecorator.getDelta(EurekaHttpClientDecorator.java:149)
	at com.netflix.discovery.shared.transport.decorator.EurekaHttpClientDecorator$7.execute(EurekaHttpClientDecorator.java:152)
	at com.netflix.discovery.shared.transport.decorator.SessionedEurekaHttpClient.execute(SessionedEurekaHttpClient.java:76)
	at com.netflix.discovery.shared.transport.decorator.EurekaHttpClientDecorator.getDelta(EurekaHttpClientDecorator.java:149)
	at com.netflix.discovery.DiscoveryClient.getAndUpdateDelta(DiscoveryClient.java:1095)
	at com.netflix.discovery.DiscoveryClient.fetchRegistry(DiscoveryClient.java:978)
	at com.netflix.discovery.DiscoveryClient.refreshRegistry(DiscoveryClient.java:1489)
	at com.netflix.discovery.DiscoveryClient$CacheRefreshThread.run(DiscoveryClient.java:1457)
	at java.base/java.util.concurrent.Executors$RunnableAdapter.call(Executors.java:539)
	at java.base/java.util.concurrent.FutureTask.run(FutureTask.java:264)
	at java.base/java.util.concurrent.ThreadPoolExecutor.runWorker(ThreadPoolExecutor.java:1136)
	at java.base/java.util.concurrent.ThreadPoolExecutor$Worker.run(ThreadPoolExecutor.java:635)
	at java.base/java.lang.Thread.run(Thread.java:842)
2026-05-06 06:58:48.128 | INFO  | [AsyncResolver-bootstrap-executor-%d] | c.n.d.s.r.aws.ConfigClusterResolver.getClusterEndpoints | Resolving eureka endpoints via configuration
2026-05-06 06:58:49.950 | INFO  | [DiscoveryClient-CacheRefreshExecutor-%d] | c.n.d.s.t.d.RedirectingEurekaHttpClient.execute | Request execution error. endpoint=DefaultEndpoint{ serviceUrl='http://localhost:7000/eureka/}, exception=I/O error on GET request for "http://localhost:7000/eureka/apps/delta": Connect to http://localhost:7000 failed: Connection refused: no further information
org.springframework.web.client.ResourceAccessException: I/O error on GET request for "http://localhost:7000/eureka/apps/delta": Connect to http://localhost:7000 failed: Connection refused: no further information
	at org.springframework.web.client.RestTemplate.createResourceAccessException(RestTemplate.java:926)
	at org.springframework.web.client.RestTemplate.doExecute(RestTemplate.java:906)
	at org.springframework.web.client.RestTemplate.execute(RestTemplate.java:841)
	at org.springframework.web.client.RestTemplate.exchange(RestTemplate.java:702)
	at org.springframework.cloud.netflix.eureka.http.RestTemplateEurekaHttpClient.getApplicationsInternal(RestTemplateEurekaHttpClient.java:174)
	at org.springframework.cloud.netflix.eureka.http.RestTemplateEurekaHttpClient.getDelta(RestTemplateEurekaHttpClient.java:186)
	at com.netflix.discovery.shared.transport.decorator.EurekaHttpClientDecorator$7.execute(EurekaHttpClientDecorator.java:152)
	at com.netflix.discovery.shared.transport.decorator.RedirectingEurekaHttpClient.executeOnNewServer(RedirectingEurekaHttpClient.java:120)
	at com.netflix.discovery.shared.transport.decorator.RedirectingEurekaHttpClient.execute(RedirectingEurekaHttpClient.java:79)
	at com.netflix.discovery.shared.transport.decorator.EurekaHttpClientDecorator.getDelta(EurekaHttpClientDecorator.java:149)
	at com.netflix.discovery.shared.transport.decorator.EurekaHttpClientDecorator$7.execute(EurekaHttpClientDecorator.java:152)
	at com.netflix.discovery.shared.transport.decorator.RetryableEurekaHttpClient.execute(RetryableEurekaHttpClient.java:120)
	at com.netflix.discovery.shared.transport.decorator.EurekaHttpClientDecorator.getDelta(EurekaHttpClientDecorator.java:149)
	at com.netflix.discovery.shared.transport.decorator.EurekaHttpClientDecorator$7.execute(EurekaHttpClientDecorator.java:152)
	at com.netflix.discovery.shared.transport.decorator.SessionedEurekaHttpClient.execute(SessionedEurekaHttpClient.java:76)
	at com.netflix.discovery.shared.transport.decorator.EurekaHttpClientDecorator.getDelta(EurekaHttpClientDecorator.java:149)
	at com.netflix.discovery.DiscoveryClient.getAndUpdateDelta(DiscoveryClient.java:1095)
	at com.netflix.discovery.DiscoveryClient.fetchRegistry(DiscoveryClient.java:978)
	at com.netflix.discovery.DiscoveryClient.refreshRegistry(DiscoveryClient.java:1489)
	at com.netflix.discovery.DiscoveryClient$CacheRefreshThread.run(DiscoveryClient.java:1457)
	at java.base/java.util.concurrent.Executors$RunnableAdapter.call(Executors.java:539)
	at java.base/java.util.concurrent.FutureTask.run(FutureTask.java:264)
	at java.base/java.util.concurrent.ThreadPoolExecutor.runWorker(ThreadPoolExecutor.java:1136)
	at java.base/java.util.concurrent.ThreadPoolExecutor$Worker.run(ThreadPoolExecutor.java:635)
	at java.base/java.lang.Thread.run(Thread.java:842)
Caused by: org.apache.hc.client5.http.HttpHostConnectException: Connect to http://localhost:7000 failed: Connection refused: no further information
	at java.base/sun.nio.ch.Net.pollConnect(Native Method)
	at java.base/sun.nio.ch.Net.pollConnectNow(Net.java:672)
	at java.base/sun.nio.ch.NioSocketImpl.timedFinishConnect(NioSocketImpl.java:547)
	at java.base/sun.nio.ch.NioSocketImpl.connect(NioSocketImpl.java:602)
	at java.base/java.net.SocksSocketImpl.connect(SocksSocketImpl.java:327)
	at java.base/java.net.Socket.connect(Socket.java:633)
	at org.apache.hc.client5.http.impl.io.DefaultHttpClientConnectionOperator.connect(DefaultHttpClientConnectionOperator.java:226)
	at org.apache.hc.client5.http.impl.io.PoolingHttpClientConnectionManager.connect(PoolingHttpClientConnectionManager.java:497)
	at org.apache.hc.client5.http.impl.classic.InternalExecRuntime.connectEndpoint(InternalExecRuntime.java:164)
	at org.apache.hc.client5.http.impl.classic.InternalExecRuntime.connectEndpoint(InternalExecRuntime.java:174)
	at org.apache.hc.client5.http.impl.classic.ConnectExec.execute(ConnectExec.java:144)
	at org.apache.hc.client5.http.impl.classic.ExecChainElement.execute(ExecChainElement.java:51)
	at org.apache.hc.client5.http.impl.classic.ProtocolExec.execute(ProtocolExec.java:195)
	at org.apache.hc.client5.http.impl.classic.ExecChainElement.execute(ExecChainElement.java:51)
	at org.apache.hc.client5.http.impl.classic.ContentCompressionExec.execute(ContentCompressionExec.java:168)
	at org.apache.hc.client5.http.impl.classic.ExecChainElement.execute(ExecChainElement.java:51)
	at org.apache.hc.client5.http.impl.classic.HttpRequestRetryExec.execute(HttpRequestRetryExec.java:112)
	at org.apache.hc.client5.http.impl.classic.ExecChainElement.execute(ExecChainElement.java:51)
	at org.apache.hc.client5.http.impl.classic.RedirectExec.execute(RedirectExec.java:110)
	at org.apache.hc.client5.http.impl.classic.ExecChainElement.execute(ExecChainElement.java:51)
	at org.apache.hc.client5.http.impl.classic.InternalHttpClient.doExecute(InternalHttpClient.java:185)
	at org.apache.hc.client5.http.impl.classic.CloseableHttpClient.execute(CloseableHttpClient.java:87)
	at org.apache.hc.client5.http.impl.classic.CloseableHttpClient.execute(CloseableHttpClient.java:55)
	at org.apache.hc.client5.http.classic.HttpClient.executeOpen(HttpClient.java:183)
	at org.springframework.http.client.HttpComponentsClientHttpRequest.executeInternal(HttpComponentsClientHttpRequest.java:99)
	at org.springframework.http.client.AbstractStreamingClientHttpRequest.executeInternal(AbstractStreamingClientHttpRequest.java:88)
	at org.springframework.http.client.AbstractClientHttpRequest.execute(AbstractClientHttpRequest.java:81)
	at org.springframework.http.client.InterceptingClientHttpRequest$InterceptingRequestExecution.execute(InterceptingClientHttpRequest.java:117)
	at org.springframework.cloud.netflix.eureka.http.RestTemplateTransportClientFactory.lambda$restTemplate$2(RestTemplateTransportClientFactory.java:145)
	at org.springframework.http.client.InterceptingClientHttpRequest$InterceptingRequestExecution.execute(InterceptingClientHttpRequest.java:88)
	at org.springframework.http.client.InterceptingClientHttpRequest.executeInternal(InterceptingClientHttpRequest.java:72)
	at org.springframework.http.client.AbstractBufferingClientHttpRequest.executeInternal(AbstractBufferingClientHttpRequest.java:48)
	at org.springframework.http.client.AbstractClientHttpRequest.execute(AbstractClientHttpRequest.java:81)
	at org.springframework.web.client.RestTemplate.doExecute(RestTemplate.java:900)
	... 23 common frames omitted
2026-05-06 06:58:49.950 | INFO  | [DiscoveryClient-HeartbeatExecutor-%d] | c.n.d.s.t.d.RedirectingEurekaHttpClient.execute | Request execution error. endpoint=DefaultEndpoint{ serviceUrl='http://localhost:7000/eureka/}, exception=I/O error on PUT request for "http://localhost:7000/eureka/apps/AUTHSERVICE/DESKTOP-A2NNC5Q:authservice:8001": Connect to http://localhost:7000 failed: Connection refused: no further information
org.springframework.web.client.ResourceAccessException: I/O error on PUT request for "http://localhost:7000/eureka/apps/AUTHSERVICE/DESKTOP-A2NNC5Q:authservice:8001": Connect to http://localhost:7000 failed: Connection refused: no further information
	at org.springframework.web.client.RestTemplate.createResourceAccessException(RestTemplate.java:926)
	at org.springframework.web.client.RestTemplate.doExecute(RestTemplate.java:906)
	at org.springframework.web.client.RestTemplate.execute(RestTemplate.java:841)
	at org.springframework.web.client.RestTemplate.exchange(RestTemplate.java:702)
	at org.springframework.cloud.netflix.eureka.http.RestTemplateEurekaHttpClient.sendHeartBeat(RestTemplateEurekaHttpClient.java:119)
	at com.netflix.discovery.shared.transport.decorator.EurekaHttpClientDecorator$3.execute(EurekaHttpClientDecorator.java:92)
	at com.netflix.discovery.shared.transport.decorator.RedirectingEurekaHttpClient.executeOnNewServer(RedirectingEurekaHttpClient.java:120)
	at com.netflix.discovery.shared.transport.decorator.RedirectingEurekaHttpClient.execute(RedirectingEurekaHttpClient.java:79)
	at com.netflix.discovery.shared.transport.decorator.EurekaHttpClientDecorator.sendHeartBeat(EurekaHttpClientDecorator.java:89)
	at com.netflix.discovery.shared.transport.decorator.EurekaHttpClientDecorator$3.execute(EurekaHttpClientDecorator.java:92)
	at com.netflix.discovery.shared.transport.decorator.RetryableEurekaHttpClient.execute(RetryableEurekaHttpClient.java:120)
	at com.netflix.discovery.shared.transport.decorator.EurekaHttpClientDecorator.sendHeartBeat(EurekaHttpClientDecorator.java:89)
	at com.netflix.discovery.shared.transport.decorator.EurekaHttpClientDecorator$3.execute(EurekaHttpClientDecorator.java:92)
	at com.netflix.discovery.shared.transport.decorator.SessionedEurekaHttpClient.execute(SessionedEurekaHttpClient.java:76)
	at com.netflix.discovery.shared.transport.decorator.EurekaHttpClientDecorator.sendHeartBeat(EurekaHttpClientDecorator.java:89)
	at com.netflix.discovery.DiscoveryClient.renew(DiscoveryClient.java:860)
	at com.netflix.discovery.DiscoveryClient$HeartbeatThread.run(DiscoveryClient.java:1418)
	at java.base/java.util.concurrent.Executors$RunnableAdapter.call(Executors.java:539)
	at java.base/java.util.concurrent.FutureTask.run(FutureTask.java:264)
	at java.base/java.util.concurrent.ThreadPoolExecutor.runWorker(ThreadPoolExecutor.java:1136)
	at java.base/java.util.concurrent.ThreadPoolExecutor$Worker.run(ThreadPoolExecutor.java:635)
	at java.base/java.lang.Thread.run(Thread.java:842)
Caused by: org.apache.hc.client5.http.HttpHostConnectException: Connect to http://localhost:7000 failed: Connection refused: no further information
	at java.base/sun.nio.ch.Net.pollConnect(Native Method)
	at java.base/sun.nio.ch.Net.pollConnectNow(Net.java:672)
	at java.base/sun.nio.ch.NioSocketImpl.timedFinishConnect(NioSocketImpl.java:547)
	at java.base/sun.nio.ch.NioSocketImpl.connect(NioSocketImpl.java:602)
	at java.base/java.net.SocksSocketImpl.connect(SocksSocketImpl.java:327)
	at java.base/java.net.Socket.connect(Socket.java:633)
	at org.apache.hc.client5.http.impl.io.DefaultHttpClientConnectionOperator.connect(DefaultHttpClientConnectionOperator.java:226)
	at org.apache.hc.client5.http.impl.io.PoolingHttpClientConnectionManager.connect(PoolingHttpClientConnectionManager.java:497)
	at org.apache.hc.client5.http.impl.classic.InternalExecRuntime.connectEndpoint(InternalExecRuntime.java:164)
	at org.apache.hc.client5.http.impl.classic.InternalExecRuntime.connectEndpoint(InternalExecRuntime.java:174)
	at org.apache.hc.client5.http.impl.classic.ConnectExec.execute(ConnectExec.java:144)
	at org.apache.hc.client5.http.impl.classic.ExecChainElement.execute(ExecChainElement.java:51)
	at org.apache.hc.client5.http.impl.classic.ProtocolExec.execute(ProtocolExec.java:195)
	at org.apache.hc.client5.http.impl.classic.ExecChainElement.execute(ExecChainElement.java:51)
	at org.apache.hc.client5.http.impl.classic.ContentCompressionExec.execute(ContentCompressionExec.java:168)
	at org.apache.hc.client5.http.impl.classic.ExecChainElement.execute(ExecChainElement.java:51)
	at org.apache.hc.client5.http.impl.classic.HttpRequestRetryExec.execute(HttpRequestRetryExec.java:112)
	at org.apache.hc.client5.http.impl.classic.ExecChainElement.execute(ExecChainElement.java:51)
	at org.apache.hc.client5.http.impl.classic.RedirectExec.execute(RedirectExec.java:110)
	at org.apache.hc.client5.http.impl.classic.ExecChainElement.execute(ExecChainElement.java:51)
	at org.apache.hc.client5.http.impl.classic.InternalHttpClient.doExecute(InternalHttpClient.java:185)
	at org.apache.hc.client5.http.impl.classic.CloseableHttpClient.execute(CloseableHttpClient.java:87)
	at org.apache.hc.client5.http.impl.classic.CloseableHttpClient.execute(CloseableHttpClient.java:55)
	at org.apache.hc.client5.http.classic.HttpClient.executeOpen(HttpClient.java:183)
	at org.springframework.http.client.HttpComponentsClientHttpRequest.executeInternal(HttpComponentsClientHttpRequest.java:99)
	at org.springframework.http.client.AbstractStreamingClientHttpRequest.executeInternal(AbstractStreamingClientHttpRequest.java:88)
	at org.springframework.http.client.AbstractClientHttpRequest.execute(AbstractClientHttpRequest.java:81)
	at org.springframework.http.client.InterceptingClientHttpRequest$InterceptingRequestExecution.execute(InterceptingClientHttpRequest.java:117)
	at org.springframework.cloud.netflix.eureka.http.RestTemplateTransportClientFactory.lambda$restTemplate$2(RestTemplateTransportClientFactory.java:145)
	at org.springframework.http.client.InterceptingClientHttpRequest$InterceptingRequestExecution.execute(InterceptingClientHttpRequest.java:88)
	at org.springframework.http.client.InterceptingClientHttpRequest.executeInternal(InterceptingClientHttpRequest.java:72)
	at org.springframework.http.client.AbstractBufferingClientHttpRequest.executeInternal(AbstractBufferingClientHttpRequest.java:48)
	at org.springframework.http.client.AbstractClientHttpRequest.execute(AbstractClientHttpRequest.java:81)
	at org.springframework.web.client.RestTemplate.doExecute(RestTemplate.java:900)
	... 20 common frames omitted
2026-05-06 06:58:49.951 | WARN  | [DiscoveryClient-CacheRefreshExecutor-%d] | c.n.d.s.t.d.RetryableEurekaHttpClient.execute | Request execution failed with message: I/O error on GET request for "http://localhost:7000/eureka/apps/delta": Connect to http://localhost:7000 failed: Connection refused: no further information
2026-05-06 06:58:49.951 | WARN  | [DiscoveryClient-HeartbeatExecutor-%d] | c.n.d.s.t.d.RetryableEurekaHttpClient.execute | Request execution failed with message: I/O error on PUT request for "http://localhost:7000/eureka/apps/AUTHSERVICE/DESKTOP-A2NNC5Q:authservice:8001": Connect to http://localhost:7000 failed: Connection refused: no further information
2026-05-06 06:58:49.951 | INFO  | [DiscoveryClient-CacheRefreshExecutor-%d] | c.netflix.discovery.DiscoveryClient.fetchRegistry | DiscoveryClient_AUTHSERVICE/DESKTOP-A2NNC5Q:authservice:8001 - was unable to refresh its cache! This periodic background refresh will be retried in 30 seconds. status = Cannot execute request on any known server
com.netflix.discovery.shared.transport.TransportException: Cannot execute request on any known server
	at com.netflix.discovery.shared.transport.decorator.RetryableEurekaHttpClient.execute(RetryableEurekaHttpClient.java:112)
	at com.netflix.discovery.shared.transport.decorator.EurekaHttpClientDecorator.getDelta(EurekaHttpClientDecorator.java:149)
	at com.netflix.discovery.shared.transport.decorator.EurekaHttpClientDecorator$7.execute(EurekaHttpClientDecorator.java:152)
	at com.netflix.discovery.shared.transport.decorator.SessionedEurekaHttpClient.execute(SessionedEurekaHttpClient.java:76)
	at com.netflix.discovery.shared.transport.decorator.EurekaHttpClientDecorator.getDelta(EurekaHttpClientDecorator.java:149)
	at com.netflix.discovery.DiscoveryClient.getAndUpdateDelta(DiscoveryClient.java:1095)
	at com.netflix.discovery.DiscoveryClient.fetchRegistry(DiscoveryClient.java:978)
	at com.netflix.discovery.DiscoveryClient.refreshRegistry(DiscoveryClient.java:1489)
	at com.netflix.discovery.DiscoveryClient$CacheRefreshThread.run(DiscoveryClient.java:1457)
	at java.base/java.util.concurrent.Executors$RunnableAdapter.call(Executors.java:539)
	at java.base/java.util.concurrent.FutureTask.run(FutureTask.java:264)
	at java.base/java.util.concurrent.ThreadPoolExecutor.runWorker(ThreadPoolExecutor.java:1136)
	at java.base/java.util.concurrent.ThreadPoolExecutor$Worker.run(ThreadPoolExecutor.java:635)
	at java.base/java.lang.Thread.run(Thread.java:842)
2026-05-06 06:58:49.951 | ERROR | [DiscoveryClient-HeartbeatExecutor-%d] | c.netflix.discovery.DiscoveryClient.renew | DiscoveryClient_AUTHSERVICE/DESKTOP-A2NNC5Q:authservice:8001 - was unable to send heartbeat!
com.netflix.discovery.shared.transport.TransportException: Cannot execute request on any known server
	at com.netflix.discovery.shared.transport.decorator.RetryableEurekaHttpClient.execute(RetryableEurekaHttpClient.java:112)
	at com.netflix.discovery.shared.transport.decorator.EurekaHttpClientDecorator.sendHeartBeat(EurekaHttpClientDecorator.java:89)
	at com.netflix.discovery.shared.transport.decorator.EurekaHttpClientDecorator$3.execute(EurekaHttpClientDecorator.java:92)
	at com.netflix.discovery.shared.transport.decorator.SessionedEurekaHttpClient.execute(SessionedEurekaHttpClient.java:76)
	at com.netflix.discovery.shared.transport.decorator.EurekaHttpClientDecorator.sendHeartBeat(EurekaHttpClientDecorator.java:89)
	at com.netflix.discovery.DiscoveryClient.renew(DiscoveryClient.java:860)
	at com.netflix.discovery.DiscoveryClient$HeartbeatThread.run(DiscoveryClient.java:1418)
	at java.base/java.util.concurrent.Executors$RunnableAdapter.call(Executors.java:539)
	at java.base/java.util.concurrent.FutureTask.run(FutureTask.java:264)
	at java.base/java.util.concurrent.ThreadPoolExecutor.runWorker(ThreadPoolExecutor.java:1136)
	at java.base/java.util.concurrent.ThreadPoolExecutor$Worker.run(ThreadPoolExecutor.java:635)
	at java.base/java.lang.Thread.run(Thread.java:842)
2026-05-06 06:59:20.042 | INFO  | [DiscoveryClient-HeartbeatExecutor-%d] | c.netflix.discovery.DiscoveryClient.renew | DiscoveryClient_AUTHSERVICE/DESKTOP-A2NNC5Q:authservice:8001 - Re-registering apps/AUTHSERVICE
2026-05-06 06:59:20.043 | INFO  | [DiscoveryClient-HeartbeatExecutor-%d] | c.netflix.discovery.DiscoveryClient.register | DiscoveryClient_AUTHSERVICE/DESKTOP-A2NNC5Q:authservice:8001: registering service...
2026-05-06 06:59:20.074 | INFO  | [DiscoveryClient-HeartbeatExecutor-%d] | c.netflix.discovery.DiscoveryClient.register | DiscoveryClient_AUTHSERVICE/DESKTOP-A2NNC5Q:authservice:8001 - registration status: 204
2026-05-06 06:59:50.051 | INFO  | [DiscoveryClient-CacheRefreshExecutor-%d] | c.netflix.discovery.DiscoveryClient.fetchRegistry | Disable delta property : false
2026-05-06 06:59:50.052 | INFO  | [DiscoveryClient-CacheRefreshExecutor-%d] | c.netflix.discovery.DiscoveryClient.fetchRegistry | Single vip registry refresh property : null
2026-05-06 06:59:50.052 | INFO  | [DiscoveryClient-CacheRefreshExecutor-%d] | c.netflix.discovery.DiscoveryClient.fetchRegistry | Force full registry fetch : false
2026-05-06 06:59:50.053 | INFO  | [DiscoveryClient-CacheRefreshExecutor-%d] | c.netflix.discovery.DiscoveryClient.fetchRegistry | Application is null : false
2026-05-06 06:59:50.053 | INFO  | [DiscoveryClient-CacheRefreshExecutor-%d] | c.netflix.discovery.DiscoveryClient.fetchRegistry | Registered Applications size is zero : true
2026-05-06 06:59:50.054 | INFO  | [DiscoveryClient-CacheRefreshExecutor-%d] | c.netflix.discovery.DiscoveryClient.fetchRegistry | Application version is -1: false
2026-05-06 06:59:50.054 | INFO  | [DiscoveryClient-CacheRefreshExecutor-%d] | c.netflix.discovery.DiscoveryClient.getAndStoreFullRegistry | Getting all instance registry info from the eureka server
2026-05-06 06:59:50.077 | INFO  | [DiscoveryClient-CacheRefreshExecutor-%d] | c.netflix.discovery.DiscoveryClient.getAndStoreFullRegistry | The response status is 200
2026-05-06 07:00:30.772 | INFO  | [SpringApplicationShutdownHook] | o.s.c.n.e.s.EurekaServiceRegistry.deregister | Unregistering application AUTHSERVICE with eureka with status DOWN
2026-05-06 07:00:30.773 | INFO  | [SpringApplicationShutdownHook] | c.netflix.discovery.DiscoveryClient.notify | Saw local status change event StatusChangeEvent [timestamp=1778076030773, current=DOWN, previous=UP]
2026-05-06 07:00:30.773 | INFO  | [DiscoveryClient-InstanceInfoReplicator-%d] | c.netflix.discovery.DiscoveryClient.register | DiscoveryClient_AUTHSERVICE/DESKTOP-A2NNC5Q:authservice:8001: registering service...
2026-05-06 07:00:30.782 | INFO  | [SpringApplicationShutdownHook] | o.s.b.w.e.tomcat.GracefulShutdown.shutDownGracefully | Commencing graceful shutdown. Waiting for active requests to complete
2026-05-06 07:00:30.806 | INFO  | [DiscoveryClient-InstanceInfoReplicator-%d] | c.n.d.s.t.d.RedirectingEurekaHttpClient.execute | Request execution error. endpoint=DefaultEndpoint{ serviceUrl='http://localhost:7000/eureka/} exception=I/O error on POST request for "http://localhost:7000/eureka/apps/AUTHSERVICE": Connect to http://localhost:7000 failed: Connection refused: no further information
org.springframework.web.client.ResourceAccessException: I/O error on POST request for "http://localhost:7000/eureka/apps/AUTHSERVICE": Connect to http://localhost:7000 failed: Connection refused: no further information
	at org.springframework.web.client.RestTemplate.createResourceAccessException(RestTemplate.java:926)
	at org.springframework.web.client.RestTemplate.doExecute(RestTemplate.java:906)
	at org.springframework.web.client.RestTemplate.execute(RestTemplate.java:841)
	at org.springframework.web.client.RestTemplate.exchange(RestTemplate.java:702)
	at org.springframework.cloud.netflix.eureka.http.RestTemplateEurekaHttpClient.register(RestTemplateEurekaHttpClient.java:87)
	at com.netflix.discovery.shared.transport.decorator.EurekaHttpClientDecorator$1.execute(EurekaHttpClientDecorator.java:59)
	at com.netflix.discovery.shared.transport.decorator.RedirectingEurekaHttpClient.execute(RedirectingEurekaHttpClient.java:90)
	at com.netflix.discovery.shared.transport.decorator.EurekaHttpClientDecorator.register(EurekaHttpClientDecorator.java:56)
	at com.netflix.discovery.shared.transport.decorator.EurekaHttpClientDecorator$1.execute(EurekaHttpClientDecorator.java:59)
	at com.netflix.discovery.shared.transport.decorator.RetryableEurekaHttpClient.execute(RetryableEurekaHttpClient.java:120)
	at com.netflix.discovery.shared.transport.decorator.EurekaHttpClientDecorator.register(EurekaHttpClientDecorator.java:56)
	at com.netflix.discovery.shared.transport.decorator.EurekaHttpClientDecorator$1.execute(EurekaHttpClientDecorator.java:59)
	at com.netflix.discovery.shared.transport.decorator.SessionedEurekaHttpClient.execute(SessionedEurekaHttpClient.java:76)
	at com.netflix.discovery.shared.transport.decorator.EurekaHttpClientDecorator.register(EurekaHttpClientDecorator.java:56)
	at com.netflix.discovery.DiscoveryClient.register(DiscoveryClient.java:843)
	at com.netflix.discovery.InstanceInfoReplicator.run(InstanceInfoReplicator.java:125)
	at com.netflix.discovery.InstanceInfoReplicator$2.run(InstanceInfoReplicator.java:105)
	at java.base/java.util.concurrent.Executors$RunnableAdapter.call(Executors.java:539)
	at java.base/java.util.concurrent.FutureTask.run(FutureTask.java:264)
	at java.base/java.util.concurrent.ScheduledThreadPoolExecutor$ScheduledFutureTask.run(ScheduledThreadPoolExecutor.java:304)
	at java.base/java.util.concurrent.ThreadPoolExecutor.runWorker(ThreadPoolExecutor.java:1136)
	at java.base/java.util.concurrent.ThreadPoolExecutor$Worker.run(ThreadPoolExecutor.java:635)
	at java.base/java.lang.Thread.run(Thread.java:842)
Caused by: org.apache.hc.client5.http.HttpHostConnectException: Connect to http://localhost:7000 failed: Connection refused: no further information
	at java.base/sun.nio.ch.Net.pollConnect(Native Method)
	at java.base/sun.nio.ch.Net.pollConnectNow(Net.java:672)
	at java.base/sun.nio.ch.NioSocketImpl.timedFinishConnect(NioSocketImpl.java:547)
	at java.base/sun.nio.ch.NioSocketImpl.connect(NioSocketImpl.java:602)
	at java.base/java.net.SocksSocketImpl.connect(SocksSocketImpl.java:327)
	at java.base/java.net.Socket.connect(Socket.java:633)
	at org.apache.hc.client5.http.impl.io.DefaultHttpClientConnectionOperator.connect(DefaultHttpClientConnectionOperator.java:226)
	at org.apache.hc.client5.http.impl.io.PoolingHttpClientConnectionManager.connect(PoolingHttpClientConnectionManager.java:497)
	at org.apache.hc.client5.http.impl.classic.InternalExecRuntime.connectEndpoint(InternalExecRuntime.java:164)
	at org.apache.hc.client5.http.impl.classic.InternalExecRuntime.connectEndpoint(InternalExecRuntime.java:174)
	at org.apache.hc.client5.http.impl.classic.ConnectExec.execute(ConnectExec.java:144)
	at org.apache.hc.client5.http.impl.classic.ExecChainElement.execute(ExecChainElement.java:51)
	at org.apache.hc.client5.http.impl.classic.ProtocolExec.execute(ProtocolExec.java:195)
	at org.apache.hc.client5.http.impl.classic.ExecChainElement.execute(ExecChainElement.java:51)
	at org.apache.hc.client5.http.impl.classic.ContentCompressionExec.execute(ContentCompressionExec.java:168)
	at org.apache.hc.client5.http.impl.classic.ExecChainElement.execute(ExecChainElement.java:51)
	at org.apache.hc.client5.http.impl.classic.HttpRequestRetryExec.execute(HttpRequestRetryExec.java:112)
	at org.apache.hc.client5.http.impl.classic.ExecChainElement.execute(ExecChainElement.java:51)
	at org.apache.hc.client5.http.impl.classic.RedirectExec.execute(RedirectExec.java:110)
	at org.apache.hc.client5.http.impl.classic.ExecChainElement.execute(ExecChainElement.java:51)
	at org.apache.hc.client5.http.impl.classic.InternalHttpClient.doExecute(InternalHttpClient.java:185)
	at org.apache.hc.client5.http.impl.classic.CloseableHttpClient.execute(CloseableHttpClient.java:87)
	at org.apache.hc.client5.http.impl.classic.CloseableHttpClient.execute(CloseableHttpClient.java:55)
	at org.apache.hc.client5.http.classic.HttpClient.executeOpen(HttpClient.java:183)
	at org.springframework.http.client.HttpComponentsClientHttpRequest.executeInternal(HttpComponentsClientHttpRequest.java:99)
	at org.springframework.http.client.AbstractStreamingClientHttpRequest.executeInternal(AbstractStreamingClientHttpRequest.java:88)
	at org.springframework.http.client.AbstractClientHttpRequest.execute(AbstractClientHttpRequest.java:81)
	at org.springframework.http.client.InterceptingClientHttpRequest$InterceptingRequestExecution.execute(InterceptingClientHttpRequest.java:117)
	at org.springframework.cloud.netflix.eureka.http.RestTemplateTransportClientFactory.lambda$restTemplate$2(RestTemplateTransportClientFactory.java:145)
	at org.springframework.http.client.InterceptingClientHttpRequest$InterceptingRequestExecution.execute(InterceptingClientHttpRequest.java:88)
	at org.springframework.http.client.InterceptingClientHttpRequest.executeInternal(InterceptingClientHttpRequest.java:72)
	at org.springframework.http.client.AbstractBufferingClientHttpRequest.executeInternal(AbstractBufferingClientHttpRequest.java:48)
	at org.springframework.http.client.AbstractClientHttpRequest.execute(AbstractClientHttpRequest.java:81)
	at org.springframework.web.client.RestTemplate.doExecute(RestTemplate.java:900)
	... 21 common frames omitted
2026-05-06 07:00:30.807 | WARN  | [DiscoveryClient-InstanceInfoReplicator-%d] | c.n.d.s.t.d.RetryableEurekaHttpClient.execute | Request execution failed with message: I/O error on POST request for "http://localhost:7000/eureka/apps/AUTHSERVICE": Connect to http://localhost:7000 failed: Connection refused: no further information
2026-05-06 07:00:30.830 | INFO  | [DiscoveryClient-InstanceInfoReplicator-%d] | c.n.d.s.t.d.RedirectingEurekaHttpClient.execute | Request execution error. endpoint=DefaultEndpoint{ serviceUrl='http://localhost:7000/eureka/}, exception=I/O error on POST request for "http://localhost:7000/eureka/apps/AUTHSERVICE": Connect to http://localhost:7000 failed: Connection refused: no further information
org.springframework.web.client.ResourceAccessException: I/O error on POST request for "http://localhost:7000/eureka/apps/AUTHSERVICE": Connect to http://localhost:7000 failed: Connection refused: no further information
	at org.springframework.web.client.RestTemplate.createResourceAccessException(RestTemplate.java:926)
	at org.springframework.web.client.RestTemplate.doExecute(RestTemplate.java:906)
	at org.springframework.web.client.RestTemplate.execute(RestTemplate.java:841)
	at org.springframework.web.client.RestTemplate.exchange(RestTemplate.java:702)
	at org.springframework.cloud.netflix.eureka.http.RestTemplateEurekaHttpClient.register(RestTemplateEurekaHttpClient.java:87)
	at com.netflix.discovery.shared.transport.decorator.EurekaHttpClientDecorator$1.execute(EurekaHttpClientDecorator.java:59)
	at com.netflix.discovery.shared.transport.decorator.RedirectingEurekaHttpClient.executeOnNewServer(RedirectingEurekaHttpClient.java:120)
	at com.netflix.discovery.shared.transport.decorator.RedirectingEurekaHttpClient.execute(RedirectingEurekaHttpClient.java:79)
	at com.netflix.discovery.shared.transport.decorator.EurekaHttpClientDecorator.register(EurekaHttpClientDecorator.java:56)
	at com.netflix.discovery.shared.transport.decorator.EurekaHttpClientDecorator$1.execute(EurekaHttpClientDecorator.java:59)
	at com.netflix.discovery.shared.transport.decorator.RetryableEurekaHttpClient.execute(RetryableEurekaHttpClient.java:120)
	at com.netflix.discovery.shared.transport.decorator.EurekaHttpClientDecorator.register(EurekaHttpClientDecorator.java:56)
	at com.netflix.discovery.shared.transport.decorator.EurekaHttpClientDecorator$1.execute(EurekaHttpClientDecorator.java:59)
	at com.netflix.discovery.shared.transport.decorator.SessionedEurekaHttpClient.execute(SessionedEurekaHttpClient.java:76)
	at com.netflix.discovery.shared.transport.decorator.EurekaHttpClientDecorator.register(EurekaHttpClientDecorator.java:56)
	at com.netflix.discovery.DiscoveryClient.register(DiscoveryClient.java:843)
	at com.netflix.discovery.InstanceInfoReplicator.run(InstanceInfoReplicator.java:125)
	at com.netflix.discovery.InstanceInfoReplicator$2.run(InstanceInfoReplicator.java:105)
	at java.base/java.util.concurrent.Executors$RunnableAdapter.call(Executors.java:539)
	at java.base/java.util.concurrent.FutureTask.run(FutureTask.java:264)
	at java.base/java.util.concurrent.ScheduledThreadPoolExecutor$ScheduledFutureTask.run(ScheduledThreadPoolExecutor.java:304)
	at java.base/java.util.concurrent.ThreadPoolExecutor.runWorker(ThreadPoolExecutor.java:1136)
	at java.base/java.util.concurrent.ThreadPoolExecutor$Worker.run(ThreadPoolExecutor.java:635)
	at java.base/java.lang.Thread.run(Thread.java:842)
Caused by: org.apache.hc.client5.http.HttpHostConnectException: Connect to http://localhost:7000 failed: Connection refused: no further information
	at java.base/sun.nio.ch.Net.pollConnect(Native Method)
	at java.base/sun.nio.ch.Net.pollConnectNow(Net.java:672)
	at java.base/sun.nio.ch.NioSocketImpl.timedFinishConnect(NioSocketImpl.java:547)
	at java.base/sun.nio.ch.NioSocketImpl.connect(NioSocketImpl.java:602)
	at java.base/java.net.SocksSocketImpl.connect(SocksSocketImpl.java:327)
	at java.base/java.net.Socket.connect(Socket.java:633)
	at org.apache.hc.client5.http.impl.io.DefaultHttpClientConnectionOperator.connect(DefaultHttpClientConnectionOperator.java:226)
	at org.apache.hc.client5.http.impl.io.PoolingHttpClientConnectionManager.connect(PoolingHttpClientConnectionManager.java:497)
	at org.apache.hc.client5.http.impl.classic.InternalExecRuntime.connectEndpoint(InternalExecRuntime.java:164)
	at org.apache.hc.client5.http.impl.classic.InternalExecRuntime.connectEndpoint(InternalExecRuntime.java:174)
	at org.apache.hc.client5.http.impl.classic.ConnectExec.execute(ConnectExec.java:144)
	at org.apache.hc.client5.http.impl.classic.ExecChainElement.execute(ExecChainElement.java:51)
	at org.apache.hc.client5.http.impl.classic.ProtocolExec.execute(ProtocolExec.java:195)
	at org.apache.hc.client5.http.impl.classic.ExecChainElement.execute(ExecChainElement.java:51)
	at org.apache.hc.client5.http.impl.classic.ContentCompressionExec.execute(ContentCompressionExec.java:168)
	at org.apache.hc.client5.http.impl.classic.ExecChainElement.execute(ExecChainElement.java:51)
	at org.apache.hc.client5.http.impl.classic.HttpRequestRetryExec.execute(HttpRequestRetryExec.java:112)
	at org.apache.hc.client5.http.impl.classic.ExecChainElement.execute(ExecChainElement.java:51)
	at org.apache.hc.client5.http.impl.classic.RedirectExec.execute(RedirectExec.java:110)
	at org.apache.hc.client5.http.impl.classic.ExecChainElement.execute(ExecChainElement.java:51)
	at org.apache.hc.client5.http.impl.classic.InternalHttpClient.doExecute(InternalHttpClient.java:185)
	at org.apache.hc.client5.http.impl.classic.CloseableHttpClient.execute(CloseableHttpClient.java:87)
	at org.apache.hc.client5.http.impl.classic.CloseableHttpClient.execute(CloseableHttpClient.java:55)
	at org.apache.hc.client5.http.classic.HttpClient.executeOpen(HttpClient.java:183)
	at org.springframework.http.client.HttpComponentsClientHttpRequest.executeInternal(HttpComponentsClientHttpRequest.java:99)
	at org.springframework.http.client.AbstractStreamingClientHttpRequest.executeInternal(AbstractStreamingClientHttpRequest.java:88)
	at org.springframework.http.client.AbstractClientHttpRequest.execute(AbstractClientHttpRequest.java:81)
	at org.springframework.http.client.InterceptingClientHttpRequest$InterceptingRequestExecution.execute(InterceptingClientHttpRequest.java:117)
	at org.springframework.cloud.netflix.eureka.http.RestTemplateTransportClientFactory.lambda$restTemplate$2(RestTemplateTransportClientFactory.java:145)
	at org.springframework.http.client.InterceptingClientHttpRequest$InterceptingRequestExecution.execute(InterceptingClientHttpRequest.java:88)
	at org.springframework.http.client.InterceptingClientHttpRequest.executeInternal(InterceptingClientHttpRequest.java:72)
	at org.springframework.http.client.AbstractBufferingClientHttpRequest.executeInternal(AbstractBufferingClientHttpRequest.java:48)
	at org.springframework.http.client.AbstractClientHttpRequest.execute(AbstractClientHttpRequest.java:81)
	at org.springframework.web.client.RestTemplate.doExecute(RestTemplate.java:900)
	... 22 common frames omitted
2026-05-06 07:00:30.832 | WARN  | [DiscoveryClient-InstanceInfoReplicator-%d] | c.n.d.s.t.d.RetryableEurekaHttpClient.execute | Request execution failed with message: I/O error on POST request for "http://localhost:7000/eureka/apps/AUTHSERVICE": Connect to http://localhost:7000 failed: Connection refused: no further information
2026-05-06 07:00:30.833 | WARN  | [DiscoveryClient-InstanceInfoReplicator-%d] | c.netflix.discovery.DiscoveryClient.register | DiscoveryClient_AUTHSERVICE/DESKTOP-A2NNC5Q:authservice:8001 - registration failed Cannot execute request on any known server
com.netflix.discovery.shared.transport.TransportException: Cannot execute request on any known server
	at com.netflix.discovery.shared.transport.decorator.RetryableEurekaHttpClient.execute(RetryableEurekaHttpClient.java:112)
	at com.netflix.discovery.shared.transport.decorator.EurekaHttpClientDecorator.register(EurekaHttpClientDecorator.java:56)
	at com.netflix.discovery.shared.transport.decorator.EurekaHttpClientDecorator$1.execute(EurekaHttpClientDecorator.java:59)
	at com.netflix.discovery.shared.transport.decorator.SessionedEurekaHttpClient.execute(SessionedEurekaHttpClient.java:76)
	at com.netflix.discovery.shared.transport.decorator.EurekaHttpClientDecorator.register(EurekaHttpClientDecorator.java:56)
	at com.netflix.discovery.DiscoveryClient.register(DiscoveryClient.java:843)
	at com.netflix.discovery.InstanceInfoReplicator.run(InstanceInfoReplicator.java:125)
	at com.netflix.discovery.InstanceInfoReplicator$2.run(InstanceInfoReplicator.java:105)
	at java.base/java.util.concurrent.Executors$RunnableAdapter.call(Executors.java:539)
	at java.base/java.util.concurrent.FutureTask.run(FutureTask.java:264)
	at java.base/java.util.concurrent.ScheduledThreadPoolExecutor$ScheduledFutureTask.run(ScheduledThreadPoolExecutor.java:304)
	at java.base/java.util.concurrent.ThreadPoolExecutor.runWorker(ThreadPoolExecutor.java:1136)
	at java.base/java.util.concurrent.ThreadPoolExecutor$Worker.run(ThreadPoolExecutor.java:635)
	at java.base/java.lang.Thread.run(Thread.java:842)
2026-05-06 07:00:30.834 | WARN  | [DiscoveryClient-InstanceInfoReplicator-%d] | c.n.discovery.InstanceInfoReplicator.run | There was a problem with the instance info replicator
com.netflix.discovery.shared.transport.TransportException: Cannot execute request on any known server
	at com.netflix.discovery.shared.transport.decorator.RetryableEurekaHttpClient.execute(RetryableEurekaHttpClient.java:112)
	at com.netflix.discovery.shared.transport.decorator.EurekaHttpClientDecorator.register(EurekaHttpClientDecorator.java:56)
	at com.netflix.discovery.shared.transport.decorator.EurekaHttpClientDecorator$1.execute(EurekaHttpClientDecorator.java:59)
	at com.netflix.discovery.shared.transport.decorator.SessionedEurekaHttpClient.execute(SessionedEurekaHttpClient.java:76)
	at com.netflix.discovery.shared.transport.decorator.EurekaHttpClientDecorator.register(EurekaHttpClientDecorator.java:56)
	at com.netflix.discovery.DiscoveryClient.register(DiscoveryClient.java:843)
	at com.netflix.discovery.InstanceInfoReplicator.run(InstanceInfoReplicator.java:125)
	at com.netflix.discovery.InstanceInfoReplicator$2.run(InstanceInfoReplicator.java:105)
	at java.base/java.util.concurrent.Executors$RunnableAdapter.call(Executors.java:539)
	at java.base/java.util.concurrent.FutureTask.run(FutureTask.java:264)
	at java.base/java.util.concurrent.ScheduledThreadPoolExecutor$ScheduledFutureTask.run(ScheduledThreadPoolExecutor.java:304)
	at java.base/java.util.concurrent.ThreadPoolExecutor.runWorker(ThreadPoolExecutor.java:1136)
	at java.base/java.util.concurrent.ThreadPoolExecutor$Worker.run(ThreadPoolExecutor.java:635)
	at java.base/java.lang.Thread.run(Thread.java:842)
2026-05-06 07:00:31.835 | INFO  | [tomcat-shutdown] | o.s.b.w.e.tomcat.GracefulShutdown.doShutdown | Graceful shutdown complete
2026-05-06 07:00:31.851 | INFO  | [SpringApplicationShutdownHook] | o.s.o.j.LocalContainerEntityManagerFactoryBean.destroy | Closing JPA EntityManagerFactory for persistence unit 'default'
2026-05-06 07:00:31.861 | INFO  | [SpringApplicationShutdownHook] | com.zaxxer.hikari.HikariDataSource.close | HikariPool-1 - Shutdown initiated...
2026-05-06 07:00:31.879 | INFO  | [SpringApplicationShutdownHook] | com.zaxxer.hikari.HikariDataSource.close | HikariPool-1 - Shutdown completed.
2026-05-06 07:00:31.881 | INFO  | [SpringApplicationShutdownHook] | c.netflix.discovery.DiscoveryClient.shutdown | Shutting down DiscoveryClient ...
2026-05-06 07:00:34.890 | INFO  | [SpringApplicationShutdownHook] | c.netflix.discovery.DiscoveryClient.unregister | Unregistering ...
2026-05-06 07:00:34.912 | INFO  | [SpringApplicationShutdownHook] | c.n.d.s.t.d.RedirectingEurekaHttpClient.execute | Request execution error. endpoint=DefaultEndpoint{ serviceUrl='http://localhost:7000/eureka/}, exception=I/O error on DELETE request for "http://localhost:7000/eureka/apps/AUTHSERVICE/DESKTOP-A2NNC5Q:authservice:8001": Connect to http://localhost:7000 failed: Connection refused: no further information
org.springframework.web.client.ResourceAccessException: I/O error on DELETE request for "http://localhost:7000/eureka/apps/AUTHSERVICE/DESKTOP-A2NNC5Q:authservice:8001": Connect to http://localhost:7000 failed: Connection refused: no further information
	at org.springframework.web.client.RestTemplate.createResourceAccessException(RestTemplate.java:926)
	at org.springframework.web.client.RestTemplate.doExecute(RestTemplate.java:906)
	at org.springframework.web.client.RestTemplate.execute(RestTemplate.java:841)
	at org.springframework.web.client.RestTemplate.exchange(RestTemplate.java:702)
	at org.springframework.cloud.netflix.eureka.http.RestTemplateEurekaHttpClient.cancel(RestTemplateEurekaHttpClient.java:100)
	at com.netflix.discovery.shared.transport.decorator.EurekaHttpClientDecorator$2.execute(EurekaHttpClientDecorator.java:74)
	at com.netflix.discovery.shared.transport.decorator.RedirectingEurekaHttpClient.executeOnNewServer(RedirectingEurekaHttpClient.java:120)
	at com.netflix.discovery.shared.transport.decorator.RedirectingEurekaHttpClient.execute(RedirectingEurekaHttpClient.java:79)
	at com.netflix.discovery.shared.transport.decorator.EurekaHttpClientDecorator.cancel(EurekaHttpClientDecorator.java:71)
	at com.netflix.discovery.shared.transport.decorator.EurekaHttpClientDecorator$2.execute(EurekaHttpClientDecorator.java:74)
	at com.netflix.discovery.shared.transport.decorator.RetryableEurekaHttpClient.execute(RetryableEurekaHttpClient.java:120)
	at com.netflix.discovery.shared.transport.decorator.EurekaHttpClientDecorator.cancel(EurekaHttpClientDecorator.java:71)
	at com.netflix.discovery.shared.transport.decorator.EurekaHttpClientDecorator$2.execute(EurekaHttpClientDecorator.java:74)
	at com.netflix.discovery.shared.transport.decorator.SessionedEurekaHttpClient.execute(SessionedEurekaHttpClient.java:76)
	at com.netflix.discovery.shared.transport.decorator.EurekaHttpClientDecorator.cancel(EurekaHttpClientDecorator.java:71)
	at com.netflix.discovery.DiscoveryClient.unregister(DiscoveryClient.java:934)
	at com.netflix.discovery.DiscoveryClient.shutdown(DiscoveryClient.java:915)
	at java.base/jdk.internal.reflect.NativeMethodAccessorImpl.invoke0(Native Method)
	at java.base/jdk.internal.reflect.NativeMethodAccessorImpl.invoke(NativeMethodAccessorImpl.java:77)
	at java.base/jdk.internal.reflect.DelegatingMethodAccessorImpl.invoke(DelegatingMethodAccessorImpl.java:43)
	at java.base/java.lang.reflect.Method.invoke(Method.java:568)
	at org.springframework.beans.factory.annotation.InitDestroyAnnotationBeanPostProcessor$LifecycleMethod.invoke(InitDestroyAnnotationBeanPostProcessor.java:457)
	at org.springframework.beans.factory.annotation.InitDestroyAnnotationBeanPostProcessor$LifecycleMetadata.invokeDestroyMethods(InitDestroyAnnotationBeanPostProcessor.java:415)
	at org.springframework.beans.factory.annotation.InitDestroyAnnotationBeanPostProcessor.postProcessBeforeDestruction(InitDestroyAnnotationBeanPostProcessor.java:239)
	at org.springframework.beans.factory.support.DisposableBeanAdapter.destroy(DisposableBeanAdapter.java:203)
	at org.springframework.beans.factory.support.DisposableBeanAdapter.run(DisposableBeanAdapter.java:196)
	at org.springframework.cloud.context.scope.GenericScope$BeanLifecycleWrapper.destroy(GenericScope.java:387)
	at org.springframework.cloud.context.scope.GenericScope.destroy(GenericScope.java:134)
	at org.springframework.beans.factory.support.DisposableBeanAdapter.destroy(DisposableBeanAdapter.java:212)
	at org.springframework.beans.factory.support.DefaultSingletonBeanRegistry.destroyBean(DefaultSingletonBeanRegistry.java:798)
	at org.springframework.beans.factory.support.DefaultSingletonBeanRegistry.destroySingleton(DefaultSingletonBeanRegistry.java:748)
	at org.springframework.beans.factory.support.DefaultListableBeanFactory.destroySingleton(DefaultListableBeanFactory.java:1499)
	at org.springframework.beans.factory.support.DefaultSingletonBeanRegistry.destroySingletons(DefaultSingletonBeanRegistry.java:707)
	at org.springframework.beans.factory.support.DefaultListableBeanFactory.destroySingletons(DefaultListableBeanFactory.java:1492)
	at org.springframework.context.support.AbstractApplicationContext.destroyBeans(AbstractApplicationContext.java:1243)
	at org.springframework.context.support.AbstractApplicationContext.doClose(AbstractApplicationContext.java:1204)
	at org.springframework.boot.web.servlet.context.ServletWebServerApplicationContext.doClose(ServletWebServerApplicationContext.java:179)
	at org.springframework.context.support.AbstractApplicationContext.close(AbstractApplicationContext.java:1150)
	at org.springframework.boot.SpringApplicationShutdownHook.closeAndWait(SpringApplicationShutdownHook.java:147)
	at java.base/java.lang.Iterable.forEach(Iterable.java:75)
	at org.springframework.boot.SpringApplicationShutdownHook.run(SpringApplicationShutdownHook.java:116)
	at java.base/java.lang.Thread.run(Thread.java:842)
Caused by: org.apache.hc.client5.http.HttpHostConnectException: Connect to http://localhost:7000 failed: Connection refused: no further information
	at java.base/sun.nio.ch.Net.pollConnect(Native Method)
	at java.base/sun.nio.ch.Net.pollConnectNow(Net.java:672)
	at java.base/sun.nio.ch.NioSocketImpl.timedFinishConnect(NioSocketImpl.java:547)
	at java.base/sun.nio.ch.NioSocketImpl.connect(NioSocketImpl.java:602)
	at java.base/java.net.SocksSocketImpl.connect(SocksSocketImpl.java:327)
	at java.base/java.net.Socket.connect(Socket.java:633)
	at org.apache.hc.client5.http.impl.io.DefaultHttpClientConnectionOperator.connect(DefaultHttpClientConnectionOperator.java:226)
	at org.apache.hc.client5.http.impl.io.PoolingHttpClientConnectionManager.connect(PoolingHttpClientConnectionManager.java:497)
	at org.apache.hc.client5.http.impl.classic.InternalExecRuntime.connectEndpoint(InternalExecRuntime.java:164)
	at org.apache.hc.client5.http.impl.classic.InternalExecRuntime.connectEndpoint(InternalExecRuntime.java:174)
	at org.apache.hc.client5.http.impl.classic.ConnectExec.execute(ConnectExec.java:144)
	at org.apache.hc.client5.http.impl.classic.ExecChainElement.execute(ExecChainElement.java:51)
	at org.apache.hc.client5.http.impl.classic.ProtocolExec.execute(ProtocolExec.java:195)
	at org.apache.hc.client5.http.impl.classic.ExecChainElement.execute(ExecChainElement.java:51)
	at org.apache.hc.client5.http.impl.classic.ContentCompressionExec.execute(ContentCompressionExec.java:168)
	at org.apache.hc.client5.http.impl.classic.ExecChainElement.execute(ExecChainElement.java:51)
	at org.apache.hc.client5.http.impl.classic.HttpRequestRetryExec.execute(HttpRequestRetryExec.java:112)
	at org.apache.hc.client5.http.impl.classic.ExecChainElement.execute(ExecChainElement.java:51)
	at org.apache.hc.client5.http.impl.classic.RedirectExec.execute(RedirectExec.java:110)
	at org.apache.hc.client5.http.impl.classic.ExecChainElement.execute(ExecChainElement.java:51)
	at org.apache.hc.client5.http.impl.classic.InternalHttpClient.doExecute(InternalHttpClient.java:185)
	at org.apache.hc.client5.http.impl.classic.CloseableHttpClient.execute(CloseableHttpClient.java:87)
	at org.apache.hc.client5.http.impl.classic.CloseableHttpClient.execute(CloseableHttpClient.java:55)
	at org.apache.hc.client5.http.classic.HttpClient.executeOpen(HttpClient.java:183)
	at org.springframework.http.client.HttpComponentsClientHttpRequest.executeInternal(HttpComponentsClientHttpRequest.java:99)
	at org.springframework.http.client.AbstractStreamingClientHttpRequest.executeInternal(AbstractStreamingClientHttpRequest.java:88)
	at org.springframework.http.client.AbstractClientHttpRequest.execute(AbstractClientHttpRequest.java:81)
	at org.springframework.http.client.InterceptingClientHttpRequest$InterceptingRequestExecution.execute(InterceptingClientHttpRequest.java:117)
	at org.springframework.cloud.netflix.eureka.http.RestTemplateTransportClientFactory.lambda$restTemplate$2(RestTemplateTransportClientFactory.java:145)
	at org.springframework.http.client.InterceptingClientHttpRequest$InterceptingRequestExecution.execute(InterceptingClientHttpRequest.java:88)
	at org.springframework.http.client.InterceptingClientHttpRequest.executeInternal(InterceptingClientHttpRequest.java:72)
	at org.springframework.http.client.AbstractBufferingClientHttpRequest.executeInternal(AbstractBufferingClientHttpRequest.java:48)
	at org.springframework.http.client.AbstractClientHttpRequest.execute(AbstractClientHttpRequest.java:81)
	at org.springframework.web.client.RestTemplate.doExecute(RestTemplate.java:900)
	... 40 common frames omitted
2026-05-06 07:00:34.917 | WARN  | [SpringApplicationShutdownHook] | c.n.d.s.t.d.RetryableEurekaHttpClient.execute | Request execution failed with message: I/O error on DELETE request for "http://localhost:7000/eureka/apps/AUTHSERVICE/DESKTOP-A2NNC5Q:authservice:8001": Connect to http://localhost:7000 failed: Connection refused: no further information
2026-05-06 07:00:34.918 | ERROR | [SpringApplicationShutdownHook] | c.netflix.discovery.DiscoveryClient.unregister | DiscoveryClient_AUTHSERVICE/DESKTOP-A2NNC5Q:authservice:8001 - de-registration failedCannot execute request on any known server
com.netflix.discovery.shared.transport.TransportException: Cannot execute request on any known server
	at com.netflix.discovery.shared.transport.decorator.RetryableEurekaHttpClient.execute(RetryableEurekaHttpClient.java:112)
	at com.netflix.discovery.shared.transport.decorator.EurekaHttpClientDecorator.cancel(EurekaHttpClientDecorator.java:71)
	at com.netflix.discovery.shared.transport.decorator.EurekaHttpClientDecorator$2.execute(EurekaHttpClientDecorator.java:74)
	at com.netflix.discovery.shared.transport.decorator.SessionedEurekaHttpClient.execute(SessionedEurekaHttpClient.java:76)
	at com.netflix.discovery.shared.transport.decorator.EurekaHttpClientDecorator.cancel(EurekaHttpClientDecorator.java:71)
	at com.netflix.discovery.DiscoveryClient.unregister(DiscoveryClient.java:934)
	at com.netflix.discovery.DiscoveryClient.shutdown(DiscoveryClient.java:915)
	at java.base/jdk.internal.reflect.NativeMethodAccessorImpl.invoke0(Native Method)
	at java.base/jdk.internal.reflect.NativeMethodAccessorImpl.invoke(NativeMethodAccessorImpl.java:77)
	at java.base/jdk.internal.reflect.DelegatingMethodAccessorImpl.invoke(DelegatingMethodAccessorImpl.java:43)
	at java.base/java.lang.reflect.Method.invoke(Method.java:568)
	at org.springframework.beans.factory.annotation.InitDestroyAnnotationBeanPostProcessor$LifecycleMethod.invoke(InitDestroyAnnotationBeanPostProcessor.java:457)
	at org.springframework.beans.factory.annotation.InitDestroyAnnotationBeanPostProcessor$LifecycleMetadata.invokeDestroyMethods(InitDestroyAnnotationBeanPostProcessor.java:415)
	at org.springframework.beans.factory.annotation.InitDestroyAnnotationBeanPostProcessor.postProcessBeforeDestruction(InitDestroyAnnotationBeanPostProcessor.java:239)
	at org.springframework.beans.factory.support.DisposableBeanAdapter.destroy(DisposableBeanAdapter.java:203)
	at org.springframework.beans.factory.support.DisposableBeanAdapter.run(DisposableBeanAdapter.java:196)
	at org.springframework.cloud.context.scope.GenericScope$BeanLifecycleWrapper.destroy(GenericScope.java:387)
	at org.springframework.cloud.context.scope.GenericScope.destroy(GenericScope.java:134)
	at org.springframework.beans.factory.support.DisposableBeanAdapter.destroy(DisposableBeanAdapter.java:212)
	at org.springframework.beans.factory.support.DefaultSingletonBeanRegistry.destroyBean(DefaultSingletonBeanRegistry.java:798)
	at org.springframework.beans.factory.support.DefaultSingletonBeanRegistry.destroySingleton(DefaultSingletonBeanRegistry.java:748)
	at org.springframework.beans.factory.support.DefaultListableBeanFactory.destroySingleton(DefaultListableBeanFactory.java:1499)
	at org.springframework.beans.factory.support.DefaultSingletonBeanRegistry.destroySingletons(DefaultSingletonBeanRegistry.java:707)
	at org.springframework.beans.factory.support.DefaultListableBeanFactory.destroySingletons(DefaultListableBeanFactory.java:1492)
	at org.springframework.context.support.AbstractApplicationContext.destroyBeans(AbstractApplicationContext.java:1243)
	at org.springframework.context.support.AbstractApplicationContext.doClose(AbstractApplicationContext.java:1204)
	at org.springframework.boot.web.servlet.context.ServletWebServerApplicationContext.doClose(ServletWebServerApplicationContext.java:179)
	at org.springframework.context.support.AbstractApplicationContext.close(AbstractApplicationContext.java:1150)
	at org.springframework.boot.SpringApplicationShutdownHook.closeAndWait(SpringApplicationShutdownHook.java:147)
	at java.base/java.lang.Iterable.forEach(Iterable.java:75)
	at org.springframework.boot.SpringApplicationShutdownHook.run(SpringApplicationShutdownHook.java:116)
	at java.base/java.lang.Thread.run(Thread.java:842)
2026-05-06 07:00:34.920 | INFO  | [SpringApplicationShutdownHook] | c.netflix.discovery.DiscoveryClient.shutdown | Completed shut down of DiscoveryClient
2026-05-06 07:01:35.189 | INFO  | [background-preinit] | o.h.validator.internal.util.Version.<clinit> | HV000001: Hibernate Validator 8.0.3.Final
2026-05-06 07:01:35.255 | INFO  | [restartedMain] | c.e.a.AuthserviceApplication.logStarting | Starting AuthserviceApplication using Java 17.0.12 with PID 10940 (C:\Users\Inam\Desktop\ecome origingit\E-commerce_microservice\authservice\target\classes started by Inam in C:\Users\Inam\Desktop\ecome origingit\E-commerce_microservice\authservice)
2026-05-06 07:01:35.256 | INFO  | [restartedMain] | c.e.a.AuthserviceApplication.logStartupProfileInfo | No active profile set, falling back to 1 default profile: "default"
2026-05-06 07:01:35.314 | INFO  | [restartedMain] | o.s.b.d.e.DevToolsPropertyDefaultsPostProcessor.log | Devtools property defaults active! Set 'spring.devtools.add-properties' to 'false' to disable
2026-05-06 07:01:35.314 | INFO  | [restartedMain] | o.s.b.d.e.DevToolsPropertyDefaultsPostProcessor.log | For additional web related logging consider setting the 'logging.level.web' property to 'DEBUG'
2026-05-06 07:01:36.854 | INFO  | [restartedMain] | o.s.d.r.c.RepositoryConfigurationDelegate.registerRepositoriesIn | Bootstrapping Spring Data JPA repositories in DEFAULT mode.
2026-05-06 07:01:37.292 | INFO  | [restartedMain] | o.s.d.r.c.RepositoryConfigurationDelegate.registerRepositoriesIn | Finished Spring Data repository scanning in 413 ms. Found 2 JPA repository interfaces.
2026-05-06 07:01:38.013 | INFO  | [restartedMain] | o.s.cloud.context.scope.GenericScope.setSerializationId | BeanFactory id=e99c07ae-5169-347a-a376-7871feb0282a
2026-05-06 07:01:39.475 | INFO  | [restartedMain] | o.s.b.w.e.tomcat.TomcatWebServer.initialize | Tomcat initialized with port 8001 (http)
2026-05-06 07:01:39.499 | INFO  | [restartedMain] | o.a.coyote.http11.Http11NioProtocol.log | Initializing ProtocolHandler ["http-nio-8001"]
2026-05-06 07:01:39.503 | INFO  | [restartedMain] | o.a.catalina.core.StandardService.log | Starting service [Tomcat]
2026-05-06 07:01:39.503 | INFO  | [restartedMain] | o.a.catalina.core.StandardEngine.log | Starting Servlet engine: [Apache Tomcat/10.1.53]
2026-05-06 07:01:39.640 | INFO  | [restartedMain] | o.a.c.c.C.[Tomcat].[localhost].[/].log | Initializing Spring embedded WebApplicationContext
2026-05-06 07:01:39.641 | INFO  | [restartedMain] | o.s.b.w.s.c.ServletWebServerApplicationContext.prepareWebApplicationContext | Root WebApplicationContext: initialization completed in 4326 ms
2026-05-06 07:01:39.888 | INFO  | [restartedMain] | o.h.jpa.internal.util.LogHelper.logPersistenceUnitInformation | HHH000204: Processing PersistenceUnitInfo [name: default]
2026-05-06 07:01:39.995 | INFO  | [restartedMain] | org.hibernate.Version.logVersion | HHH000412: Hibernate ORM core version 6.6.45.Final
2026-05-06 07:01:40.090 | INFO  | [restartedMain] | o.h.c.i.RegionFactoryInitiator.initiateService | HHH000026: Second-level cache disabled
2026-05-06 07:01:40.851 | INFO  | [restartedMain] | o.s.o.j.p.SpringPersistenceUnitInfo.addTransformer | No LoadTimeWeaver setup: ignoring JPA class transformer
2026-05-06 07:01:40.934 | INFO  | [restartedMain] | com.zaxxer.hikari.HikariDataSource.getConnection | HikariPool-1 - Starting...
2026-05-06 07:01:41.665 | INFO  | [restartedMain] | com.zaxxer.hikari.pool.HikariPool.checkFailFast | HikariPool-1 - Added connection com.mysql.cj.jdbc.ConnectionImpl@58075194
2026-05-06 07:01:41.671 | INFO  | [restartedMain] | com.zaxxer.hikari.HikariDataSource.getConnection | HikariPool-1 - Start completed.
2026-05-06 07:01:41.797 | WARN  | [restartedMain] | org.hibernate.orm.deprecation.constructDialect | HHH90000025: MySQL8Dialect does not need to be specified explicitly using 'hibernate.dialect' (remove the property setting and it will be selected by default)
2026-05-06 07:01:41.801 | WARN  | [restartedMain] | org.hibernate.orm.deprecation.logSelectedDialect | HHH90000026: MySQL8Dialect has been deprecated; use org.hibernate.dialect.MySQLDialect instead
2026-05-06 07:01:41.856 | INFO  | [restartedMain] | o.hibernate.orm.connections.pooling.logConnectionInfo | HHH10001005: Database info:
	Database JDBC URL [Connecting through datasource 'HikariDataSource (HikariPool-1)']
	Database driver: undefined/unknown
	Database version: 8.0
	Autocommit mode: undefined/unknown
	Isolation level: undefined/unknown
	Minimum pool size: undefined/unknown
	Maximum pool size: undefined/unknown
2026-05-06 07:01:44.413 | INFO  | [restartedMain] | o.h.e.t.j.p.i.JtaPlatformInitiator.initiateService | HHH000489: No JTA platform available (set 'hibernate.transaction.jta.platform' to enable JTA platform integration)
2026-05-06 07:01:44.612 | INFO  | [restartedMain] | o.s.o.j.LocalContainerEntityManagerFactoryBean.buildNativeEntityManagerFactory | Initialized JPA EntityManagerFactory for persistence unit 'default'
2026-05-06 07:01:45.724 | WARN  | [restartedMain] | o.s.b.a.o.j.JpaBaseConfiguration$JpaWebConfiguration.openEntityManagerInViewInterceptor | spring.jpa.open-in-view is enabled by default. Therefore, database queries may be performed during view rendering. Explicitly configure spring.jpa.open-in-view to disable this warning
2026-05-06 07:01:46.352 | INFO  | [restartedMain] | o.s.s.c.a.a.c.InitializeAuthenticationProviderBeanManagerConfigurer$InitializeAuthenticationProviderManagerConfigurer.configure | Global AuthenticationManager configured with AuthenticationProvider bean with name authenticationProvider
2026-05-06 07:01:46.353 | WARN  | [restartedMain] | o.s.s.c.a.a.c.InitializeUserDetailsBeanManagerConfigurer$InitializeUserDetailsManagerConfigurer.configure | Global AuthenticationManager configured with an AuthenticationProvider bean. UserDetailsService beans will not be used by Spring Security for automatically configuring username/password login. Consider removing the AuthenticationProvider bean. Alternatively, consider using the UserDetailsService in a manually instantiated DaoAuthenticationProvider. If the current configuration is intentional, to turn off this warning, increase the logging level of 'org.springframework.security.config.annotation.authentication.configuration.InitializeUserDetailsBeanManagerConfigurer' to ERROR
2026-05-06 07:01:47.416 | INFO  | [restartedMain] | o.s.b.d.a.OptionalLiveReloadServer.startServer | LiveReload server is running on port 35729
2026-05-06 07:01:48.359 | INFO  | [restartedMain] | o.s.c.n.e.c.DiscoveryClientOptionalArgsConfiguration.restTemplateDiscoveryClientOptionalArgs | Eureka HTTP Client uses RestTemplate.
2026-05-06 07:01:48.479 | WARN  | [restartedMain] | o.s.c.l.c.LoadBalancerCacheAutoConfiguration$LoadBalancerCaffeineWarnLogger.afterPropertiesSet | Spring Cloud LoadBalancer is currently working with the default cache. While this cache implementation is useful for development and tests, it's recommended to use Caffeine cache in production.You can switch to using Caffeine cache, by adding it and org.springframework.cache.caffeine.CaffeineCacheManager to the classpath.
2026-05-06 07:01:48.541 | INFO  | [restartedMain] | o.s.c.n.eureka.InstanceInfoFactory.create | Setting initial instance status as: STARTING
2026-05-06 07:01:48.613 | INFO  | [restartedMain] | c.netflix.discovery.DiscoveryClient.<init> | Initializing Eureka in region us-east-1
2026-05-06 07:01:48.615 | INFO  | [restartedMain] | c.netflix.discovery.DiscoveryClient.<init> | Client configured to neither register nor query for data.
2026-05-06 07:01:48.633 | INFO  | [restartedMain] | c.netflix.discovery.DiscoveryClient.<init> | Discovery Client initialized at timestamp 1778076108631 with initial instances count: 0
2026-05-06 07:01:48.650 | INFO  | [restartedMain] | o.s.c.n.e.s.EurekaServiceRegistry.register | Registering application AUTHSERVICE with eureka with status UP
2026-05-06 07:01:48.652 | INFO  | [restartedMain] | o.a.coyote.http11.Http11NioProtocol.log | Starting ProtocolHandler ["http-nio-8001"]
2026-05-06 07:01:48.688 | INFO  | [restartedMain] | o.s.b.w.e.tomcat.TomcatWebServer.start | Tomcat started on port 8001 (http) with context path '/'
2026-05-06 07:01:48.691 | INFO  | [restartedMain] | o.s.c.n.e.s.EurekaAutoServiceRegistration.onApplicationEvent | Updating port to 8001
2026-05-06 07:01:48.997 | INFO  | [restartedMain] | c.e.a.AuthserviceApplication.logStarted | Started AuthserviceApplication in 14.854 seconds (process running for 15.678)
2026-05-06 07:03:40.183 | INFO  | [http-nio-8001-exec-1] | o.a.c.c.C.[Tomcat].[localhost].[/].log | Initializing Spring DispatcherServlet 'dispatcherServlet'
2026-05-06 07:03:40.184 | INFO  | [http-nio-8001-exec-1] | o.s.web.servlet.DispatcherServlet.initServletBean | Initializing Servlet 'dispatcherServlet'
2026-05-06 07:03:40.189 | INFO  | [http-nio-8001-exec-1] | o.s.web.servlet.DispatcherServlet.initServletBean | Completed initialization in 3 ms
2026-05-06 07:04:58.054 | INFO  | [SpringApplicationShutdownHook] | o.s.c.n.e.s.EurekaServiceRegistry.deregister | Unregistering application AUTHSERVICE with eureka with status DOWN
2026-05-06 07:04:58.062 | INFO  | [SpringApplicationShutdownHook] | o.s.b.w.e.tomcat.GracefulShutdown.shutDownGracefully | Commencing graceful shutdown. Waiting for active requests to complete
2026-05-06 07:04:58.820 | INFO  | [tomcat-shutdown] | o.s.b.w.e.tomcat.GracefulShutdown.doShutdown | Graceful shutdown complete
2026-05-06 07:04:58.825 | INFO  | [SpringApplicationShutdownHook] | o.s.o.j.LocalContainerEntityManagerFactoryBean.destroy | Closing JPA EntityManagerFactory for persistence unit 'default'
2026-05-06 07:04:58.830 | INFO  | [SpringApplicationShutdownHook] | com.zaxxer.hikari.HikariDataSource.close | HikariPool-1 - Shutdown initiated...
2026-05-06 07:04:58.840 | INFO  | [SpringApplicationShutdownHook] | com.zaxxer.hikari.HikariDataSource.close | HikariPool-1 - Shutdown completed.
2026-05-06 07:04:58.841 | INFO  | [SpringApplicationShutdownHook] | c.netflix.discovery.DiscoveryClient.shutdown | Shutting down DiscoveryClient ...
2026-05-06 07:04:58.841 | INFO  | [SpringApplicationShutdownHook] | c.netflix.discovery.DiscoveryClient.shutdown | Completed shut down of DiscoveryClient
2026-05-06 07:09:22.331 | INFO  | [background-preinit] | o.h.validator.internal.util.Version.<clinit> | HV000001: Hibernate Validator 8.0.3.Final
2026-05-06 07:09:22.390 | INFO  | [restartedMain] | c.e.a.AuthserviceApplication.logStarting | Starting AuthserviceApplication using Java 17.0.12 with PID 26052 (C:\Users\Inam\Desktop\ecome origingit\E-commerce_microservice\authservice\target\classes started by Inam in C:\Users\Inam\Desktop\ecome origingit\E-commerce_microservice\authservice)
2026-05-06 07:09:22.391 | INFO  | [restartedMain] | c.e.a.AuthserviceApplication.logStartupProfileInfo | No active profile set, falling back to 1 default profile: "default"
2026-05-06 07:09:22.444 | INFO  | [restartedMain] | o.s.b.d.e.DevToolsPropertyDefaultsPostProcessor.log | Devtools property defaults active! Set 'spring.devtools.add-properties' to 'false' to disable
2026-05-06 07:09:22.444 | INFO  | [restartedMain] | o.s.b.d.e.DevToolsPropertyDefaultsPostProcessor.log | For additional web related logging consider setting the 'logging.level.web' property to 'DEBUG'
2026-05-06 07:09:23.982 | INFO  | [restartedMain] | o.s.d.r.c.RepositoryConfigurationDelegate.registerRepositoriesIn | Bootstrapping Spring Data JPA repositories in DEFAULT mode.
2026-05-06 07:09:24.434 | INFO  | [restartedMain] | o.s.d.r.c.RepositoryConfigurationDelegate.registerRepositoriesIn | Finished Spring Data repository scanning in 425 ms. Found 2 JPA repository interfaces.
2026-05-06 07:09:25.104 | INFO  | [restartedMain] | o.s.cloud.context.scope.GenericScope.setSerializationId | BeanFactory id=e99c07ae-5169-347a-a376-7871feb0282a
2026-05-06 07:09:26.217 | INFO  | [restartedMain] | o.s.b.w.e.tomcat.TomcatWebServer.initialize | Tomcat initialized with port 8001 (http)
2026-05-06 07:09:26.250 | INFO  | [restartedMain] | o.a.coyote.http11.Http11NioProtocol.log | Initializing ProtocolHandler ["http-nio-8001"]
2026-05-06 07:09:26.255 | INFO  | [restartedMain] | o.a.catalina.core.StandardService.log | Starting service [Tomcat]
2026-05-06 07:09:26.256 | INFO  | [restartedMain] | o.a.catalina.core.StandardEngine.log | Starting Servlet engine: [Apache Tomcat/10.1.53]
2026-05-06 07:09:26.461 | INFO  | [restartedMain] | o.a.c.c.C.[Tomcat].[localhost].[/].log | Initializing Spring embedded WebApplicationContext
2026-05-06 07:09:26.462 | INFO  | [restartedMain] | o.s.b.w.s.c.ServletWebServerApplicationContext.prepareWebApplicationContext | Root WebApplicationContext: initialization completed in 4017 ms
2026-05-06 07:09:26.901 | INFO  | [restartedMain] | o.h.jpa.internal.util.LogHelper.logPersistenceUnitInformation | HHH000204: Processing PersistenceUnitInfo [name: default]
2026-05-06 07:09:27.046 | INFO  | [restartedMain] | org.hibernate.Version.logVersion | HHH000412: Hibernate ORM core version 6.6.45.Final
2026-05-06 07:09:27.148 | INFO  | [restartedMain] | o.h.c.i.RegionFactoryInitiator.initiateService | HHH000026: Second-level cache disabled
2026-05-06 07:09:27.933 | INFO  | [restartedMain] | o.s.o.j.p.SpringPersistenceUnitInfo.addTransformer | No LoadTimeWeaver setup: ignoring JPA class transformer
2026-05-06 07:09:28.028 | INFO  | [restartedMain] | com.zaxxer.hikari.HikariDataSource.getConnection | HikariPool-1 - Starting...
2026-05-06 07:09:28.802 | INFO  | [restartedMain] | com.zaxxer.hikari.pool.HikariPool.checkFailFast | HikariPool-1 - Added connection com.mysql.cj.jdbc.ConnectionImpl@58075194
2026-05-06 07:09:28.809 | INFO  | [restartedMain] | com.zaxxer.hikari.HikariDataSource.getConnection | HikariPool-1 - Start completed.
2026-05-06 07:09:28.948 | WARN  | [restartedMain] | org.hibernate.orm.deprecation.constructDialect | HHH90000025: MySQL8Dialect does not need to be specified explicitly using 'hibernate.dialect' (remove the property setting and it will be selected by default)
2026-05-06 07:09:28.953 | WARN  | [restartedMain] | org.hibernate.orm.deprecation.logSelectedDialect | HHH90000026: MySQL8Dialect has been deprecated; use org.hibernate.dialect.MySQLDialect instead
2026-05-06 07:09:29.028 | INFO  | [restartedMain] | o.hibernate.orm.connections.pooling.logConnectionInfo | HHH10001005: Database info:
	Database JDBC URL [Connecting through datasource 'HikariDataSource (HikariPool-1)']
	Database driver: undefined/unknown
	Database version: 8.0
	Autocommit mode: undefined/unknown
	Isolation level: undefined/unknown
	Minimum pool size: undefined/unknown
	Maximum pool size: undefined/unknown
2026-05-06 07:09:31.686 | INFO  | [restartedMain] | o.h.e.t.j.p.i.JtaPlatformInitiator.initiateService | HHH000489: No JTA platform available (set 'hibernate.transaction.jta.platform' to enable JTA platform integration)
2026-05-06 07:09:31.901 | INFO  | [restartedMain] | o.s.o.j.LocalContainerEntityManagerFactoryBean.buildNativeEntityManagerFactory | Initialized JPA EntityManagerFactory for persistence unit 'default'
2026-05-06 07:09:33.115 | WARN  | [restartedMain] | o.s.b.a.o.j.JpaBaseConfiguration$JpaWebConfiguration.openEntityManagerInViewInterceptor | spring.jpa.open-in-view is enabled by default. Therefore, database queries may be performed during view rendering. Explicitly configure spring.jpa.open-in-view to disable this warning
2026-05-06 07:09:33.865 | INFO  | [restartedMain] | o.s.s.c.a.a.c.InitializeAuthenticationProviderBeanManagerConfigurer$InitializeAuthenticationProviderManagerConfigurer.configure | Global AuthenticationManager configured with AuthenticationProvider bean with name authenticationProvider
2026-05-06 07:09:33.866 | WARN  | [restartedMain] | o.s.s.c.a.a.c.InitializeUserDetailsBeanManagerConfigurer$InitializeUserDetailsManagerConfigurer.configure | Global AuthenticationManager configured with an AuthenticationProvider bean. UserDetailsService beans will not be used by Spring Security for automatically configuring username/password login. Consider removing the AuthenticationProvider bean. Alternatively, consider using the UserDetailsService in a manually instantiated DaoAuthenticationProvider. If the current configuration is intentional, to turn off this warning, increase the logging level of 'org.springframework.security.config.annotation.authentication.configuration.InitializeUserDetailsBeanManagerConfigurer' to ERROR
2026-05-06 07:09:35.337 | INFO  | [restartedMain] | o.s.b.d.a.OptionalLiveReloadServer.startServer | LiveReload server is running on port 35729
2026-05-06 07:09:36.697 | INFO  | [restartedMain] | o.s.c.n.e.c.DiscoveryClientOptionalArgsConfiguration.restTemplateDiscoveryClientOptionalArgs | Eureka HTTP Client uses RestTemplate.
2026-05-06 07:09:36.823 | WARN  | [restartedMain] | o.s.c.l.c.LoadBalancerCacheAutoConfiguration$LoadBalancerCaffeineWarnLogger.afterPropertiesSet | Spring Cloud LoadBalancer is currently working with the default cache. While this cache implementation is useful for development and tests, it's recommended to use Caffeine cache in production.You can switch to using Caffeine cache, by adding it and org.springframework.cache.caffeine.CaffeineCacheManager to the classpath.
2026-05-06 07:09:36.899 | INFO  | [restartedMain] | o.s.c.n.eureka.InstanceInfoFactory.create | Setting initial instance status as: STARTING
2026-05-06 07:09:36.997 | INFO  | [restartedMain] | c.netflix.discovery.DiscoveryClient.<init> | Initializing Eureka in region us-east-1
2026-05-06 07:09:36.997 | INFO  | [restartedMain] | c.netflix.discovery.DiscoveryClient.<init> | Client configured to neither register nor query for data.
2026-05-06 07:09:37.011 | INFO  | [restartedMain] | c.netflix.discovery.DiscoveryClient.<init> | Discovery Client initialized at timestamp 1778076577007 with initial instances count: 0
2026-05-06 07:09:37.031 | INFO  | [restartedMain] | o.s.c.n.e.s.EurekaServiceRegistry.register | Registering application AUTHSERVICE with eureka with status UP
2026-05-06 07:09:37.031 | INFO  | [restartedMain] | o.a.coyote.http11.Http11NioProtocol.log | Starting ProtocolHandler ["http-nio-8001"]
2026-05-06 07:09:37.094 | INFO  | [restartedMain] | o.s.b.w.e.tomcat.TomcatWebServer.start | Tomcat started on port 8001 (http) with context path '/'
2026-05-06 07:09:37.098 | INFO  | [restartedMain] | o.s.c.n.e.s.EurekaAutoServiceRegistration.onApplicationEvent | Updating port to 8001
2026-05-06 07:09:37.718 | INFO  | [restartedMain] | c.e.a.AuthserviceApplication.logStarted | Started AuthserviceApplication in 16.366 seconds (process running for 17.233)
2026-05-06 07:09:38.949 | INFO  | [http-nio-8001-exec-2] | o.a.c.c.C.[Tomcat].[localhost].[/].log | Initializing Spring DispatcherServlet 'dispatcherServlet'
2026-05-06 07:09:38.949 | INFO  | [http-nio-8001-exec-2] | o.s.web.servlet.DispatcherServlet.initServletBean | Initializing Servlet 'dispatcherServlet'
2026-05-06 07:09:38.954 | INFO  | [http-nio-8001-exec-2] | o.s.web.servlet.DispatcherServlet.initServletBean | Completed initialization in 5 ms
2026-05-06 07:09:39.311 | WARN  | [http-nio-8001-exec-2] | o.s.w.s.m.m.a.ExceptionHandlerExceptionResolver.logException | Resolved [org.springframework.web.servlet.resource.NoResourceFoundException: No static resource api/auth/login.]
2026-05-06 07:10:49.182 | INFO  | [SpringApplicationShutdownHook] | o.s.c.n.e.s.EurekaServiceRegistry.deregister | Unregistering application AUTHSERVICE with eureka with status DOWN
2026-05-06 07:10:49.190 | INFO  | [SpringApplicationShutdownHook] | o.s.b.w.e.tomcat.GracefulShutdown.shutDownGracefully | Commencing graceful shutdown. Waiting for active requests to complete
2026-05-06 07:10:50.370 | INFO  | [tomcat-shutdown] | o.s.b.w.e.tomcat.GracefulShutdown.doShutdown | Graceful shutdown complete
2026-05-06 07:10:50.385 | INFO  | [SpringApplicationShutdownHook] | o.s.o.j.LocalContainerEntityManagerFactoryBean.destroy | Closing JPA EntityManagerFactory for persistence unit 'default'
2026-05-06 07:10:50.395 | INFO  | [SpringApplicationShutdownHook] | com.zaxxer.hikari.HikariDataSource.close | HikariPool-1 - Shutdown initiated...
2026-05-06 07:10:50.419 | INFO  | [SpringApplicationShutdownHook] | com.zaxxer.hikari.HikariDataSource.close | HikariPool-1 - Shutdown completed.
2026-05-06 07:10:50.421 | INFO  | [SpringApplicationShutdownHook] | c.netflix.discovery.DiscoveryClient.shutdown | Shutting down DiscoveryClient ...
2026-05-06 07:10:50.421 | INFO  | [SpringApplicationShutdownHook] | c.netflix.discovery.DiscoveryClient.shutdown | Completed shut down of DiscoveryClient
2026-05-06 07:11:21.111 | INFO  | [background-preinit] | o.h.validator.internal.util.Version.<clinit> | HV000001: Hibernate Validator 8.0.3.Final
2026-05-06 07:11:21.177 | INFO  | [restartedMain] | c.e.a.AuthserviceApplication.logStarting | Starting AuthserviceApplication using Java 17.0.12 with PID 17256 (C:\Users\Inam\Desktop\ecome origingit\E-commerce_microservice\authservice\target\classes started by Inam in C:\Users\Inam\Desktop\ecome origingit\E-commerce_microservice\authservice)
2026-05-06 07:11:21.178 | INFO  | [restartedMain] | c.e.a.AuthserviceApplication.logStartupProfileInfo | No active profile set, falling back to 1 default profile: "default"
2026-05-06 07:11:21.235 | INFO  | [restartedMain] | o.s.b.d.e.DevToolsPropertyDefaultsPostProcessor.log | Devtools property defaults active! Set 'spring.devtools.add-properties' to 'false' to disable
2026-05-06 07:11:21.235 | INFO  | [restartedMain] | o.s.b.d.e.DevToolsPropertyDefaultsPostProcessor.log | For additional web related logging consider setting the 'logging.level.web' property to 'DEBUG'
2026-05-06 07:11:22.866 | INFO  | [restartedMain] | o.s.d.r.c.RepositoryConfigurationDelegate.registerRepositoriesIn | Bootstrapping Spring Data JPA repositories in DEFAULT mode.
2026-05-06 07:11:23.168 | INFO  | [restartedMain] | o.s.d.r.c.RepositoryConfigurationDelegate.registerRepositoriesIn | Finished Spring Data repository scanning in 274 ms. Found 2 JPA repository interfaces.
2026-05-06 07:11:23.820 | INFO  | [restartedMain] | o.s.cloud.context.scope.GenericScope.setSerializationId | BeanFactory id=e99c07ae-5169-347a-a376-7871feb0282a
2026-05-06 07:11:25.143 | INFO  | [restartedMain] | o.s.b.w.e.tomcat.TomcatWebServer.initialize | Tomcat initialized with port 8001 (http)
2026-05-06 07:11:25.171 | INFO  | [restartedMain] | o.a.coyote.http11.Http11NioProtocol.log | Initializing ProtocolHandler ["http-nio-8001"]
2026-05-06 07:11:25.175 | INFO  | [restartedMain] | o.a.catalina.core.StandardService.log | Starting service [Tomcat]
2026-05-06 07:11:25.176 | INFO  | [restartedMain] | o.a.catalina.core.StandardEngine.log | Starting Servlet engine: [Apache Tomcat/10.1.53]
2026-05-06 07:11:25.334 | INFO  | [restartedMain] | o.a.c.c.C.[Tomcat].[localhost].[/].log | Initializing Spring embedded WebApplicationContext
2026-05-06 07:11:25.335 | INFO  | [restartedMain] | o.s.b.w.s.c.ServletWebServerApplicationContext.prepareWebApplicationContext | Root WebApplicationContext: initialization completed in 4100 ms
2026-05-06 07:11:25.616 | INFO  | [restartedMain] | o.h.jpa.internal.util.LogHelper.logPersistenceUnitInformation | HHH000204: Processing PersistenceUnitInfo [name: default]
2026-05-06 07:11:25.741 | INFO  | [restartedMain] | org.hibernate.Version.logVersion | HHH000412: Hibernate ORM core version 6.6.45.Final
2026-05-06 07:11:25.837 | INFO  | [restartedMain] | o.h.c.i.RegionFactoryInitiator.initiateService | HHH000026: Second-level cache disabled
2026-05-06 07:11:26.557 | INFO  | [restartedMain] | o.s.o.j.p.SpringPersistenceUnitInfo.addTransformer | No LoadTimeWeaver setup: ignoring JPA class transformer
2026-05-06 07:11:26.658 | INFO  | [restartedMain] | com.zaxxer.hikari.HikariDataSource.getConnection | HikariPool-1 - Starting...
2026-05-06 07:11:27.399 | INFO  | [restartedMain] | com.zaxxer.hikari.pool.HikariPool.checkFailFast | HikariPool-1 - Added connection com.mysql.cj.jdbc.ConnectionImpl@3e3c1868
2026-05-06 07:11:27.405 | INFO  | [restartedMain] | com.zaxxer.hikari.HikariDataSource.getConnection | HikariPool-1 - Start completed.
2026-05-06 07:11:27.534 | WARN  | [restartedMain] | org.hibernate.orm.deprecation.constructDialect | HHH90000025: MySQL8Dialect does not need to be specified explicitly using 'hibernate.dialect' (remove the property setting and it will be selected by default)
2026-05-06 07:11:27.538 | WARN  | [restartedMain] | org.hibernate.orm.deprecation.logSelectedDialect | HHH90000026: MySQL8Dialect has been deprecated; use org.hibernate.dialect.MySQLDialect instead
2026-05-06 07:11:27.603 | INFO  | [restartedMain] | o.hibernate.orm.connections.pooling.logConnectionInfo | HHH10001005: Database info:
	Database JDBC URL [Connecting through datasource 'HikariDataSource (HikariPool-1)']
	Database driver: undefined/unknown
	Database version: 8.0
	Autocommit mode: undefined/unknown
	Isolation level: undefined/unknown
	Minimum pool size: undefined/unknown
	Maximum pool size: undefined/unknown
2026-05-06 07:11:30.174 | INFO  | [restartedMain] | o.h.e.t.j.p.i.JtaPlatformInitiator.initiateService | HHH000489: No JTA platform available (set 'hibernate.transaction.jta.platform' to enable JTA platform integration)
2026-05-06 07:11:30.395 | INFO  | [restartedMain] | o.s.o.j.LocalContainerEntityManagerFactoryBean.buildNativeEntityManagerFactory | Initialized JPA EntityManagerFactory for persistence unit 'default'
2026-05-06 07:11:31.614 | WARN  | [restartedMain] | o.s.b.a.o.j.JpaBaseConfiguration$JpaWebConfiguration.openEntityManagerInViewInterceptor | spring.jpa.open-in-view is enabled by default. Therefore, database queries may be performed during view rendering. Explicitly configure spring.jpa.open-in-view to disable this warning
2026-05-06 07:11:32.277 | INFO  | [restartedMain] | o.s.s.c.a.a.c.InitializeAuthenticationProviderBeanManagerConfigurer$InitializeAuthenticationProviderManagerConfigurer.configure | Global AuthenticationManager configured with AuthenticationProvider bean with name authenticationProvider
2026-05-06 07:11:32.278 | WARN  | [restartedMain] | o.s.s.c.a.a.c.InitializeUserDetailsBeanManagerConfigurer$InitializeUserDetailsManagerConfigurer.configure | Global AuthenticationManager configured with an AuthenticationProvider bean. UserDetailsService beans will not be used by Spring Security for automatically configuring username/password login. Consider removing the AuthenticationProvider bean. Alternatively, consider using the UserDetailsService in a manually instantiated DaoAuthenticationProvider. If the current configuration is intentional, to turn off this warning, increase the logging level of 'org.springframework.security.config.annotation.authentication.configuration.InitializeUserDetailsBeanManagerConfigurer' to ERROR
2026-05-06 07:11:33.369 | INFO  | [restartedMain] | o.s.b.d.a.OptionalLiveReloadServer.startServer | LiveReload server is running on port 35729
2026-05-06 07:11:34.254 | INFO  | [restartedMain] | o.s.c.n.e.c.DiscoveryClientOptionalArgsConfiguration.restTemplateDiscoveryClientOptionalArgs | Eureka HTTP Client uses RestTemplate.
2026-05-06 07:11:34.366 | WARN  | [restartedMain] | o.s.c.l.c.LoadBalancerCacheAutoConfiguration$LoadBalancerCaffeineWarnLogger.afterPropertiesSet | Spring Cloud LoadBalancer is currently working with the default cache. While this cache implementation is useful for development and tests, it's recommended to use Caffeine cache in production.You can switch to using Caffeine cache, by adding it and org.springframework.cache.caffeine.CaffeineCacheManager to the classpath.
2026-05-06 07:11:34.426 | INFO  | [restartedMain] | o.s.c.n.eureka.InstanceInfoFactory.create | Setting initial instance status as: STARTING
2026-05-06 07:11:34.492 | INFO  | [restartedMain] | c.netflix.discovery.DiscoveryClient.<init> | Initializing Eureka in region us-east-1
2026-05-06 07:11:34.493 | INFO  | [restartedMain] | c.netflix.discovery.DiscoveryClient.<init> | Client configured to neither register nor query for data.
2026-05-06 07:11:34.500 | INFO  | [restartedMain] | c.netflix.discovery.DiscoveryClient.<init> | Discovery Client initialized at timestamp 1778076694498 with initial instances count: 0
2026-05-06 07:11:34.516 | INFO  | [restartedMain] | o.s.c.n.e.s.EurekaServiceRegistry.register | Registering application AUTHSERVICE with eureka with status UP
2026-05-06 07:11:34.518 | INFO  | [restartedMain] | o.a.coyote.http11.Http11NioProtocol.log | Starting ProtocolHandler ["http-nio-8001"]
2026-05-06 07:11:34.568 | INFO  | [restartedMain] | o.s.b.w.e.tomcat.TomcatWebServer.start | Tomcat started on port 8001 (http) with context path '/'
2026-05-06 07:11:34.570 | INFO  | [restartedMain] | o.s.c.n.e.s.EurekaAutoServiceRegistration.onApplicationEvent | Updating port to 8001
2026-05-06 07:11:35.054 | INFO  | [restartedMain] | c.e.a.AuthserviceApplication.logStarted | Started AuthserviceApplication in 14.899 seconds (process running for 15.722)
2026-05-06 07:12:00.684 | INFO  | [http-nio-8001-exec-2] | o.a.c.c.C.[Tomcat].[localhost].[/].log | Initializing Spring DispatcherServlet 'dispatcherServlet'
2026-05-06 07:12:00.685 | INFO  | [http-nio-8001-exec-2] | o.s.web.servlet.DispatcherServlet.initServletBean | Initializing Servlet 'dispatcherServlet'
2026-05-06 07:12:00.688 | INFO  | [http-nio-8001-exec-2] | o.s.web.servlet.DispatcherServlet.initServletBean | Completed initialization in 2 ms
2026-05-06 07:12:01.612 | DEBUG | [http-nio-8001-exec-2] | org.hibernate.SQL.logStatement | 
    select
        u1_0.id,
        u1_0.account_non_locked,
        u1_0.created_at,
        u1_0.email,
        u1_0.enabled,
        u1_0.first_name,
        u1_0.last_name,
        u1_0.password 
    from
        users u1_0 
    where
        upper(u1_0.email)=upper(?)
2026-05-06 07:12:01.888 | WARN  | [http-nio-8001-exec-2] | o.s.w.s.m.m.a.ExceptionHandlerExceptionResolver.logException | Resolved [jakarta.persistence.EntityNotFoundException: user not found]
2026-05-06 07:12:59.919 | DEBUG | [http-nio-8001-exec-3] | org.hibernate.SQL.logStatement | 
    select
        u1_0.id,
        u1_0.account_non_locked,
        u1_0.created_at,
        u1_0.email,
        u1_0.enabled,
        u1_0.first_name,
        u1_0.last_name,
        u1_0.password 
    from
        users u1_0 
    where
        upper(u1_0.email)=upper(?)
2026-05-06 07:12:59.925 | WARN  | [http-nio-8001-exec-3] | o.s.w.s.m.m.a.ExceptionHandlerExceptionResolver.logException | Resolved [jakarta.persistence.EntityNotFoundException: user not found]
2026-05-06 07:13:06.266 | DEBUG | [http-nio-8001-exec-4] | org.hibernate.SQL.logStatement | 
    select
        u1_0.id,
        u1_0.account_non_locked,
        u1_0.created_at,
        u1_0.email,
        u1_0.enabled,
        u1_0.first_name,
        u1_0.last_name,
        u1_0.password 
    from
        users u1_0 
    where
        upper(u1_0.email)=upper(?)
2026-05-06 07:13:06.271 | WARN  | [http-nio-8001-exec-4] | o.s.w.s.m.m.a.ExceptionHandlerExceptionResolver.logException | Resolved [jakarta.persistence.EntityNotFoundException: user not found]
2026-05-06 07:13:41.194 | WARN  | [http-nio-8001-exec-5] | o.s.w.s.m.m.a.ExceptionHandlerExceptionResolver.logException | Resolved [org.springframework.web.servlet.resource.NoResourceFoundException: No static resource api/auth/register.]
2026-05-06 07:13:47.975 | INFO  | [SpringApplicationShutdownHook] | o.s.c.n.e.s.EurekaServiceRegistry.deregister | Unregistering application AUTHSERVICE with eureka with status DOWN
2026-05-06 07:13:47.983 | INFO  | [SpringApplicationShutdownHook] | o.s.b.w.e.tomcat.GracefulShutdown.shutDownGracefully | Commencing graceful shutdown. Waiting for active requests to complete
2026-05-06 07:13:49.206 | INFO  | [tomcat-shutdown] | o.s.b.w.e.tomcat.GracefulShutdown.doShutdown | Graceful shutdown complete
2026-05-06 07:13:49.232 | INFO  | [SpringApplicationShutdownHook] | o.s.o.j.LocalContainerEntityManagerFactoryBean.destroy | Closing JPA EntityManagerFactory for persistence unit 'default'
2026-05-06 07:13:49.245 | INFO  | [SpringApplicationShutdownHook] | com.zaxxer.hikari.HikariDataSource.close | HikariPool-1 - Shutdown initiated...
2026-05-06 07:13:49.279 | INFO  | [SpringApplicationShutdownHook] | com.zaxxer.hikari.HikariDataSource.close | HikariPool-1 - Shutdown completed.
2026-05-06 07:13:49.282 | INFO  | [SpringApplicationShutdownHook] | c.netflix.discovery.DiscoveryClient.shutdown | Shutting down DiscoveryClient ...
2026-05-06 07:13:49.282 | INFO  | [SpringApplicationShutdownHook] | c.netflix.discovery.DiscoveryClient.shutdown | Completed shut down of DiscoveryClient
2026-05-06 07:14:57.618 | INFO  | [background-preinit] | o.h.validator.internal.util.Version.<clinit> | HV000001: Hibernate Validator 8.0.3.Final
2026-05-06 07:14:57.688 | INFO  | [restartedMain] | c.e.a.AuthserviceApplication.logStarting | Starting AuthserviceApplication using Java 17.0.12 with PID 10228 (C:\Users\Inam\Desktop\ecome origingit\E-commerce_microservice\authservice\target\classes started by Inam in C:\Users\Inam\Desktop\ecome origingit\E-commerce_microservice\authservice)
2026-05-06 07:14:57.689 | INFO  | [restartedMain] | c.e.a.AuthserviceApplication.logStartupProfileInfo | No active profile set, falling back to 1 default profile: "default"
2026-05-06 07:14:57.754 | INFO  | [restartedMain] | o.s.b.d.e.DevToolsPropertyDefaultsPostProcessor.log | Devtools property defaults active! Set 'spring.devtools.add-properties' to 'false' to disable
2026-05-06 07:14:57.756 | INFO  | [restartedMain] | o.s.b.d.e.DevToolsPropertyDefaultsPostProcessor.log | For additional web related logging consider setting the 'logging.level.web' property to 'DEBUG'
2026-05-06 07:15:00.260 | INFO  | [restartedMain] | o.s.d.r.c.RepositoryConfigurationDelegate.registerRepositoriesIn | Bootstrapping Spring Data JPA repositories in DEFAULT mode.
2026-05-06 07:15:00.823 | INFO  | [restartedMain] | o.s.d.r.c.RepositoryConfigurationDelegate.registerRepositoriesIn | Finished Spring Data repository scanning in 521 ms. Found 2 JPA repository interfaces.
2026-05-06 07:15:01.814 | INFO  | [restartedMain] | o.s.cloud.context.scope.GenericScope.setSerializationId | BeanFactory id=e99c07ae-5169-347a-a376-7871feb0282a
2026-05-06 07:15:03.363 | INFO  | [restartedMain] | o.s.b.w.e.tomcat.TomcatWebServer.initialize | Tomcat initialized with port 8001 (http)
2026-05-06 07:15:03.391 | INFO  | [restartedMain] | o.a.coyote.http11.Http11NioProtocol.log | Initializing ProtocolHandler ["http-nio-8001"]
2026-05-06 07:15:03.394 | INFO  | [restartedMain] | o.a.catalina.core.StandardService.log | Starting service [Tomcat]
2026-05-06 07:15:03.394 | INFO  | [restartedMain] | o.a.catalina.core.StandardEngine.log | Starting Servlet engine: [Apache Tomcat/10.1.53]
2026-05-06 07:15:03.538 | INFO  | [restartedMain] | o.a.c.c.C.[Tomcat].[localhost].[/].log | Initializing Spring embedded WebApplicationContext
2026-05-06 07:15:03.538 | INFO  | [restartedMain] | o.s.b.w.s.c.ServletWebServerApplicationContext.prepareWebApplicationContext | Root WebApplicationContext: initialization completed in 5782 ms
2026-05-06 07:15:03.916 | INFO  | [restartedMain] | o.h.jpa.internal.util.LogHelper.logPersistenceUnitInformation | HHH000204: Processing PersistenceUnitInfo [name: default]
2026-05-06 07:15:04.039 | INFO  | [restartedMain] | org.hibernate.Version.logVersion | HHH000412: Hibernate ORM core version 6.6.45.Final
2026-05-06 07:15:04.133 | INFO  | [restartedMain] | o.h.c.i.RegionFactoryInitiator.initiateService | HHH000026: Second-level cache disabled
2026-05-06 07:15:04.822 | INFO  | [restartedMain] | o.s.o.j.p.SpringPersistenceUnitInfo.addTransformer | No LoadTimeWeaver setup: ignoring JPA class transformer
2026-05-06 07:15:04.905 | INFO  | [restartedMain] | com.zaxxer.hikari.HikariDataSource.getConnection | HikariPool-1 - Starting...
2026-05-06 07:15:05.507 | INFO  | [restartedMain] | com.zaxxer.hikari.pool.HikariPool.checkFailFast | HikariPool-1 - Added connection com.mysql.cj.jdbc.ConnectionImpl@714d7bc3
2026-05-06 07:15:05.510 | INFO  | [restartedMain] | com.zaxxer.hikari.HikariDataSource.getConnection | HikariPool-1 - Start completed.
2026-05-06 07:15:05.602 | WARN  | [restartedMain] | org.hibernate.orm.deprecation.constructDialect | HHH90000025: MySQL8Dialect does not need to be specified explicitly using 'hibernate.dialect' (remove the property setting and it will be selected by default)
2026-05-06 07:15:05.621 | WARN  | [restartedMain] | org.hibernate.orm.deprecation.logSelectedDialect | HHH90000026: MySQL8Dialect has been deprecated; use org.hibernate.dialect.MySQLDialect instead
2026-05-06 07:15:05.658 | INFO  | [restartedMain] | o.hibernate.orm.connections.pooling.logConnectionInfo | HHH10001005: Database info:
	Database JDBC URL [Connecting through datasource 'HikariDataSource (HikariPool-1)']
	Database driver: undefined/unknown
	Database version: 8.0
	Autocommit mode: undefined/unknown
	Isolation level: undefined/unknown
	Minimum pool size: undefined/unknown
	Maximum pool size: undefined/unknown
2026-05-06 07:15:08.701 | INFO  | [restartedMain] | o.h.e.t.j.p.i.JtaPlatformInitiator.initiateService | HHH000489: No JTA platform available (set 'hibernate.transaction.jta.platform' to enable JTA platform integration)
2026-05-06 07:15:08.834 | INFO  | [restartedMain] | o.s.o.j.LocalContainerEntityManagerFactoryBean.buildNativeEntityManagerFactory | Initialized JPA EntityManagerFactory for persistence unit 'default'
2026-05-06 07:15:10.396 | WARN  | [restartedMain] | o.s.b.a.o.j.JpaBaseConfiguration$JpaWebConfiguration.openEntityManagerInViewInterceptor | spring.jpa.open-in-view is enabled by default. Therefore, database queries may be performed during view rendering. Explicitly configure spring.jpa.open-in-view to disable this warning
2026-05-06 07:15:11.484 | INFO  | [restartedMain] | o.s.s.c.a.a.c.InitializeAuthenticationProviderBeanManagerConfigurer$InitializeAuthenticationProviderManagerConfigurer.configure | Global AuthenticationManager configured with AuthenticationProvider bean with name authenticationProvider
2026-05-06 07:15:11.487 | WARN  | [restartedMain] | o.s.s.c.a.a.c.InitializeUserDetailsBeanManagerConfigurer$InitializeUserDetailsManagerConfigurer.configure | Global AuthenticationManager configured with an AuthenticationProvider bean. UserDetailsService beans will not be used by Spring Security for automatically configuring username/password login. Consider removing the AuthenticationProvider bean. Alternatively, consider using the UserDetailsService in a manually instantiated DaoAuthenticationProvider. If the current configuration is intentional, to turn off this warning, increase the logging level of 'org.springframework.security.config.annotation.authentication.configuration.InitializeUserDetailsBeanManagerConfigurer' to ERROR
2026-05-06 07:15:12.765 | INFO  | [restartedMain] | o.s.b.d.a.OptionalLiveReloadServer.startServer | LiveReload server is running on port 35729
2026-05-06 07:15:13.758 | INFO  | [restartedMain] | o.s.c.n.e.c.DiscoveryClientOptionalArgsConfiguration.restTemplateDiscoveryClientOptionalArgs | Eureka HTTP Client uses RestTemplate.
2026-05-06 07:15:13.825 | WARN  | [restartedMain] | o.s.c.l.c.LoadBalancerCacheAutoConfiguration$LoadBalancerCaffeineWarnLogger.afterPropertiesSet | Spring Cloud LoadBalancer is currently working with the default cache. While this cache implementation is useful for development and tests, it's recommended to use Caffeine cache in production.You can switch to using Caffeine cache, by adding it and org.springframework.cache.caffeine.CaffeineCacheManager to the classpath.
2026-05-06 07:15:13.859 | INFO  | [restartedMain] | o.s.c.n.eureka.InstanceInfoFactory.create | Setting initial instance status as: STARTING
2026-05-06 07:15:13.895 | INFO  | [restartedMain] | c.netflix.discovery.DiscoveryClient.<init> | Initializing Eureka in region us-east-1
2026-05-06 07:15:13.895 | INFO  | [restartedMain] | c.netflix.discovery.DiscoveryClient.<init> | Client configured to neither register nor query for data.
2026-05-06 07:15:13.900 | INFO  | [restartedMain] | c.netflix.discovery.DiscoveryClient.<init> | Discovery Client initialized at timestamp 1778076913899 with initial instances count: 0
2026-05-06 07:15:13.908 | INFO  | [restartedMain] | o.s.c.n.e.s.EurekaServiceRegistry.register | Registering application AUTHSERVICE with eureka with status UP
2026-05-06 07:15:13.909 | INFO  | [restartedMain] | o.a.coyote.http11.Http11NioProtocol.log | Starting ProtocolHandler ["http-nio-8001"]
2026-05-06 07:15:13.934 | INFO  | [restartedMain] | o.s.b.w.e.tomcat.TomcatWebServer.start | Tomcat started on port 8001 (http) with context path '/'
2026-05-06 07:15:13.935 | INFO  | [restartedMain] | o.s.c.n.e.s.EurekaAutoServiceRegistration.onApplicationEvent | Updating port to 8001
2026-05-06 07:15:14.159 | INFO  | [restartedMain] | c.e.a.AuthserviceApplication.logStarted | Started AuthserviceApplication in 17.487 seconds (process running for 18.384)
2026-05-06 07:15:19.980 | INFO  | [http-nio-8001-exec-2] | o.a.c.c.C.[Tomcat].[localhost].[/].log | Initializing Spring DispatcherServlet 'dispatcherServlet'
2026-05-06 07:15:19.981 | INFO  | [http-nio-8001-exec-2] | o.s.web.servlet.DispatcherServlet.initServletBean | Initializing Servlet 'dispatcherServlet'
2026-05-06 07:15:19.983 | INFO  | [http-nio-8001-exec-2] | o.s.web.servlet.DispatcherServlet.initServletBean | Completed initialization in 2 ms
2026-05-06 07:15:20.603 | DEBUG | [http-nio-8001-exec-2] | org.hibernate.SQL.logStatement | 
    select
        u1_0.id,
        u1_0.account_non_locked,
        u1_0.created_at,
        u1_0.email,
        u1_0.enabled,
        u1_0.first_name,
        u1_0.last_name,
        u1_0.password 
    from
        users u1_0 
    where
        upper(u1_0.email)=upper(?)
2026-05-06 07:15:20.720 | WARN  | [http-nio-8001-exec-2] | o.s.w.s.m.m.a.ExceptionHandlerExceptionResolver.logException | Resolved [jakarta.persistence.EntityNotFoundException: user not found]
2026-05-06 07:15:32.948 | WARN  | [http-nio-8001-exec-3] | o.s.w.s.m.m.a.ExceptionHandlerExceptionResolver.logException | Resolved [org.springframework.web.servlet.resource.NoResourceFoundException: No static resource api/auth/register.]
2026-05-06 07:16:02.011 | INFO  | [http-nio-8001-exec-4] | c.e.authservice.auth.AuthController.signUpUser | Sign-up attempt with data: AuthRequestDto(firstName=John, lastName=Doe, email=le@example.com, password=Test@123456)
2026-05-06 07:16:02.019 | DEBUG | [http-nio-8001-exec-4] | org.hibernate.SQL.logStatement | 
    select
        u1_0.id,
        u1_0.account_non_locked,
        u1_0.created_at,
        u1_0.email,
        u1_0.enabled,
        u1_0.first_name,
        u1_0.last_name,
        u1_0.password 
    from
        users u1_0 
    where
        upper(u1_0.email)=upper(?)
2026-05-06 07:16:03.702 | DEBUG | [http-nio-8001-exec-4] | org.hibernate.SQL.logStatement | 
    insert 
    into
        users
        (account_non_locked, created_at, email, enabled, first_name, last_name, password) 
    values
        (?, ?, ?, ?, ?, ?, ?)
2026-05-06 07:16:03.849 | DEBUG | [http-nio-8001-exec-4] | org.hibernate.SQL.logStatement | 
    insert 
    into
        user_roles
        (user_id, role) 
    values
        (?, ?)
2026-05-06 07:16:03.914 | INFO  | [http-nio-8001-exec-4] | c.e.authservice.auth.AuthController.signUpUser | Sign-up successful for email: RegisterResponse(userId=2, email=le@example.com)
2026-05-06 07:16:41.984 | DEBUG | [http-nio-8001-exec-6] | org.hibernate.SQL.logStatement | 
    select
        u1_0.id,
        u1_0.account_non_locked,
        u1_0.created_at,
        u1_0.email,
        u1_0.enabled,
        u1_0.first_name,
        u1_0.last_name,
        u1_0.password 
    from
        users u1_0 
    where
        upper(u1_0.email)=upper(?)
2026-05-06 07:16:42.016 | DEBUG | [http-nio-8001-exec-6] | org.hibernate.SQL.logStatement | 
    select
        r1_0.user_id,
        r1_0.role 
    from
        user_roles r1_0 
    where
        r1_0.user_id=?
2026-05-06 07:16:43.640 | WARN  | [http-nio-8001-exec-6] | o.s.w.s.m.m.a.ExceptionHandlerExceptionResolver.logException | Resolved [com.example.authservice.exception.InvalidActionException: Invalid password]
2026-05-06 07:17:14.426 | DEBUG | [http-nio-8001-exec-8] | org.hibernate.SQL.logStatement | 
    select
        u1_0.id,
        u1_0.account_non_locked,
        u1_0.created_at,
        u1_0.email,
        u1_0.enabled,
        u1_0.first_name,
        u1_0.last_name,
        u1_0.password 
    from
        users u1_0 
    where
        upper(u1_0.email)=upper(?)
2026-05-06 07:17:14.435 | WARN  | [http-nio-8001-exec-8] | o.s.w.s.m.m.a.ExceptionHandlerExceptionResolver.logException | Resolved [jakarta.persistence.EntityNotFoundException: user not found]
2026-05-06 07:17:35.584 | DEBUG | [http-nio-8001-exec-9] | org.hibernate.SQL.logStatement | 
    select
        u1_0.id,
        u1_0.account_non_locked,
        u1_0.created_at,
        u1_0.email,
        u1_0.enabled,
        u1_0.first_name,
        u1_0.last_name,
        u1_0.password 
    from
        users u1_0 
    where
        upper(u1_0.email)=upper(?)
2026-05-06 07:17:35.588 | WARN  | [http-nio-8001-exec-9] | o.s.w.s.m.m.a.ExceptionHandlerExceptionResolver.logException | Resolved [jakarta.persistence.EntityNotFoundException: user not found]
2026-05-06 07:18:19.679 | INFO  | [SpringApplicationShutdownHook] | o.s.c.n.e.s.EurekaServiceRegistry.deregister | Unregistering application AUTHSERVICE with eureka with status DOWN
2026-05-06 07:18:19.682 | INFO  | [SpringApplicationShutdownHook] | o.s.b.w.e.tomcat.GracefulShutdown.shutDownGracefully | Commencing graceful shutdown. Waiting for active requests to complete
2026-05-06 07:18:20.507 | INFO  | [tomcat-shutdown] | o.s.b.w.e.tomcat.GracefulShutdown.doShutdown | Graceful shutdown complete
2026-05-06 07:18:20.516 | INFO  | [SpringApplicationShutdownHook] | o.s.o.j.LocalContainerEntityManagerFactoryBean.destroy | Closing JPA EntityManagerFactory for persistence unit 'default'
2026-05-06 07:18:20.521 | INFO  | [SpringApplicationShutdownHook] | com.zaxxer.hikari.HikariDataSource.close | HikariPool-1 - Shutdown initiated...
2026-05-06 07:18:20.532 | INFO  | [SpringApplicationShutdownHook] | com.zaxxer.hikari.HikariDataSource.close | HikariPool-1 - Shutdown completed.
2026-05-06 07:18:20.532 | INFO  | [SpringApplicationShutdownHook] | c.netflix.discovery.DiscoveryClient.shutdown | Shutting down DiscoveryClient ...
2026-05-06 07:18:20.533 | INFO  | [SpringApplicationShutdownHook] | c.netflix.discovery.DiscoveryClient.shutdown | Completed shut down of DiscoveryClient
2026-05-06 07:18:50.017 | INFO  | [background-preinit] | o.h.validator.internal.util.Version.<clinit> | HV000001: Hibernate Validator 8.0.3.Final
2026-05-06 07:18:50.101 | INFO  | [restartedMain] | c.e.a.AuthserviceApplication.logStarting | Starting AuthserviceApplication using Java 17.0.12 with PID 19080 (C:\Users\Inam\Desktop\ecome origingit\E-commerce_microservice\authservice\target\classes started by Inam in C:\Users\Inam\Desktop\ecome origingit\E-commerce_microservice\authservice)
2026-05-06 07:18:50.103 | INFO  | [restartedMain] | c.e.a.AuthserviceApplication.logStartupProfileInfo | No active profile set, falling back to 1 default profile: "default"
2026-05-06 07:18:50.192 | INFO  | [restartedMain] | o.s.b.d.e.DevToolsPropertyDefaultsPostProcessor.log | Devtools property defaults active! Set 'spring.devtools.add-properties' to 'false' to disable
2026-05-06 07:18:50.193 | INFO  | [restartedMain] | o.s.b.d.e.DevToolsPropertyDefaultsPostProcessor.log | For additional web related logging consider setting the 'logging.level.web' property to 'DEBUG'
2026-05-06 07:18:52.019 | INFO  | [restartedMain] | o.s.d.r.c.RepositoryConfigurationDelegate.registerRepositoriesIn | Bootstrapping Spring Data JPA repositories in DEFAULT mode.
2026-05-06 07:18:52.457 | INFO  | [restartedMain] | o.s.d.r.c.RepositoryConfigurationDelegate.registerRepositoriesIn | Finished Spring Data repository scanning in 407 ms. Found 2 JPA repository interfaces.
2026-05-06 07:18:53.101 | INFO  | [restartedMain] | o.s.cloud.context.scope.GenericScope.setSerializationId | BeanFactory id=e99c07ae-5169-347a-a376-7871feb0282a
2026-05-06 07:18:54.819 | INFO  | [restartedMain] | o.s.b.w.e.tomcat.TomcatWebServer.initialize | Tomcat initialized with port 8001 (http)
2026-05-06 07:18:54.835 | INFO  | [restartedMain] | o.a.coyote.http11.Http11NioProtocol.log | Initializing ProtocolHandler ["http-nio-8001"]
2026-05-06 07:18:54.837 | INFO  | [restartedMain] | o.a.catalina.core.StandardService.log | Starting service [Tomcat]
2026-05-06 07:18:54.837 | INFO  | [restartedMain] | o.a.catalina.core.StandardEngine.log | Starting Servlet engine: [Apache Tomcat/10.1.53]
2026-05-06 07:18:54.979 | INFO  | [restartedMain] | o.a.c.c.C.[Tomcat].[localhost].[/].log | Initializing Spring embedded WebApplicationContext
2026-05-06 07:18:54.980 | INFO  | [restartedMain] | o.s.b.w.s.c.ServletWebServerApplicationContext.prepareWebApplicationContext | Root WebApplicationContext: initialization completed in 4785 ms
2026-05-06 07:18:55.479 | INFO  | [restartedMain] | o.h.jpa.internal.util.LogHelper.logPersistenceUnitInformation | HHH000204: Processing PersistenceUnitInfo [name: default]
2026-05-06 07:18:55.675 | INFO  | [restartedMain] | org.hibernate.Version.logVersion | HHH000412: Hibernate ORM core version 6.6.45.Final
2026-05-06 07:18:55.809 | INFO  | [restartedMain] | o.h.c.i.RegionFactoryInitiator.initiateService | HHH000026: Second-level cache disabled
2026-05-06 07:18:56.820 | INFO  | [restartedMain] | o.s.o.j.p.SpringPersistenceUnitInfo.addTransformer | No LoadTimeWeaver setup: ignoring JPA class transformer
2026-05-06 07:18:56.947 | INFO  | [restartedMain] | com.zaxxer.hikari.HikariDataSource.getConnection | HikariPool-1 - Starting...
2026-05-06 07:18:58.155 | INFO  | [restartedMain] | com.zaxxer.hikari.pool.HikariPool.checkFailFast | HikariPool-1 - Added connection com.mysql.cj.jdbc.ConnectionImpl@6e5d3023
2026-05-06 07:18:58.164 | INFO  | [restartedMain] | com.zaxxer.hikari.HikariDataSource.getConnection | HikariPool-1 - Start completed.
2026-05-06 07:18:58.346 | WARN  | [restartedMain] | org.hibernate.orm.deprecation.constructDialect | HHH90000025: MySQL8Dialect does not need to be specified explicitly using 'hibernate.dialect' (remove the property setting and it will be selected by default)
2026-05-06 07:18:58.352 | WARN  | [restartedMain] | org.hibernate.orm.deprecation.logSelectedDialect | HHH90000026: MySQL8Dialect has been deprecated; use org.hibernate.dialect.MySQLDialect instead
2026-05-06 07:18:58.489 | INFO  | [restartedMain] | o.hibernate.orm.connections.pooling.logConnectionInfo | HHH10001005: Database info:
	Database JDBC URL [Connecting through datasource 'HikariDataSource (HikariPool-1)']
	Database driver: undefined/unknown
	Database version: 8.0
	Autocommit mode: undefined/unknown
	Isolation level: undefined/unknown
	Minimum pool size: undefined/unknown
	Maximum pool size: undefined/unknown
2026-05-06 07:19:02.487 | INFO  | [restartedMain] | o.h.e.t.j.p.i.JtaPlatformInitiator.initiateService | HHH000489: No JTA platform available (set 'hibernate.transaction.jta.platform' to enable JTA platform integration)
2026-05-06 07:19:02.767 | INFO  | [restartedMain] | o.s.o.j.LocalContainerEntityManagerFactoryBean.buildNativeEntityManagerFactory | Initialized JPA EntityManagerFactory for persistence unit 'default'
2026-05-06 07:19:04.475 | WARN  | [restartedMain] | o.s.b.a.o.j.JpaBaseConfiguration$JpaWebConfiguration.openEntityManagerInViewInterceptor | spring.jpa.open-in-view is enabled by default. Therefore, database queries may be performed during view rendering. Explicitly configure spring.jpa.open-in-view to disable this warning
2026-05-06 07:19:04.942 | INFO  | [restartedMain] | o.s.s.c.a.a.c.InitializeAuthenticationProviderBeanManagerConfigurer$InitializeAuthenticationProviderManagerConfigurer.configure | Global AuthenticationManager configured with AuthenticationProvider bean with name authenticationProvider
2026-05-06 07:19:04.943 | WARN  | [restartedMain] | o.s.s.c.a.a.c.InitializeUserDetailsBeanManagerConfigurer$InitializeUserDetailsManagerConfigurer.configure | Global AuthenticationManager configured with an AuthenticationProvider bean. UserDetailsService beans will not be used by Spring Security for automatically configuring username/password login. Consider removing the AuthenticationProvider bean. Alternatively, consider using the UserDetailsService in a manually instantiated DaoAuthenticationProvider. If the current configuration is intentional, to turn off this warning, increase the logging level of 'org.springframework.security.config.annotation.authentication.configuration.InitializeUserDetailsBeanManagerConfigurer' to ERROR
2026-05-06 07:19:05.980 | INFO  | [restartedMain] | o.s.b.d.a.OptionalLiveReloadServer.startServer | LiveReload server is running on port 35729
2026-05-06 07:19:06.603 | INFO  | [restartedMain] | o.s.c.n.e.c.DiscoveryClientOptionalArgsConfiguration.restTemplateDiscoveryClientOptionalArgs | Eureka HTTP Client uses RestTemplate.
2026-05-06 07:19:06.792 | WARN  | [restartedMain] | o.s.c.l.c.LoadBalancerCacheAutoConfiguration$LoadBalancerCaffeineWarnLogger.afterPropertiesSet | Spring Cloud LoadBalancer is currently working with the default cache. While this cache implementation is useful for development and tests, it's recommended to use Caffeine cache in production.You can switch to using Caffeine cache, by adding it and org.springframework.cache.caffeine.CaffeineCacheManager to the classpath.
2026-05-06 07:19:06.896 | INFO  | [restartedMain] | o.s.c.n.eureka.InstanceInfoFactory.create | Setting initial instance status as: STARTING
2026-05-06 07:19:07.007 | INFO  | [restartedMain] | c.netflix.discovery.DiscoveryClient.<init> | Initializing Eureka in region us-east-1
2026-05-06 07:19:07.009 | INFO  | [restartedMain] | c.netflix.discovery.DiscoveryClient.<init> | Client configured to neither register nor query for data.
2026-05-06 07:19:07.022 | INFO  | [restartedMain] | c.netflix.discovery.DiscoveryClient.<init> | Discovery Client initialized at timestamp 1778077147015 with initial instances count: 0
2026-05-06 07:19:07.062 | INFO  | [restartedMain] | o.s.c.n.e.s.EurekaServiceRegistry.register | Registering application AUTHSERVICE with eureka with status UP
2026-05-06 07:19:07.069 | INFO  | [restartedMain] | o.a.coyote.http11.Http11NioProtocol.log | Starting ProtocolHandler ["http-nio-8001"]
2026-05-06 07:19:07.131 | INFO  | [restartedMain] | o.s.b.w.e.tomcat.TomcatWebServer.start | Tomcat started on port 8001 (http) with context path '/'
2026-05-06 07:19:07.146 | INFO  | [restartedMain] | o.s.c.n.e.s.EurekaAutoServiceRegistration.onApplicationEvent | Updating port to 8001
2026-05-06 07:19:07.372 | INFO  | [restartedMain] | c.e.a.AuthserviceApplication.logStarted | Started AuthserviceApplication in 18.713 seconds (process running for 20.441)
2026-05-06 07:19:18.517 | INFO  | [http-nio-8001-exec-2] | o.a.c.c.C.[Tomcat].[localhost].[/].log | Initializing Spring DispatcherServlet 'dispatcherServlet'
2026-05-06 07:19:18.517 | INFO  | [http-nio-8001-exec-2] | o.s.web.servlet.DispatcherServlet.initServletBean | Initializing Servlet 'dispatcherServlet'
2026-05-06 07:19:18.523 | INFO  | [http-nio-8001-exec-2] | o.s.web.servlet.DispatcherServlet.initServletBean | Completed initialization in 5 ms
2026-05-06 07:21:40.589 | WARN  | [HikariPool-1:housekeeper] | com.zaxxer.hikari.pool.HikariPool.run | HikariPool-1 - Thread starvation or clock leap detected (housekeeper delta=2m42s310ms282µs201ns).
2026-05-06 07:21:40.637 | INFO  | [SpringApplicationShutdownHook] | o.s.c.n.e.s.EurekaServiceRegistry.deregister | Unregistering application AUTHSERVICE with eureka with status DOWN
2026-05-06 07:21:40.642 | INFO  | [SpringApplicationShutdownHook] | o.s.b.w.e.tomcat.GracefulShutdown.shutDownGracefully | Commencing graceful shutdown. Waiting for active requests to complete
2026-05-06 07:21:40.998 | DEBUG | [http-nio-8001-exec-2] | org.hibernate.SQL.logStatement | 
    select
        u1_0.id,
        u1_0.account_non_locked,
        u1_0.created_at,
        u1_0.email,
        u1_0.enabled,
        u1_0.first_name,
        u1_0.last_name,
        u1_0.password 
    from
        users u1_0 
    where
        upper(u1_0.email)=upper(?)
2026-05-06 07:21:41.139 | WARN  | [http-nio-8001-exec-2] | o.s.w.s.m.m.a.ExceptionHandlerExceptionResolver.logException | Resolved [jakarta.persistence.EntityNotFoundException: user not found]
2026-05-06 07:21:41.534 | INFO  | [tomcat-shutdown] | o.s.b.w.e.tomcat.GracefulShutdown.doShutdown | Graceful shutdown complete
2026-05-06 07:21:41.540 | INFO  | [SpringApplicationShutdownHook] | o.s.o.j.LocalContainerEntityManagerFactoryBean.destroy | Closing JPA EntityManagerFactory for persistence unit 'default'
2026-05-06 07:21:41.544 | INFO  | [SpringApplicationShutdownHook] | com.zaxxer.hikari.HikariDataSource.close | HikariPool-1 - Shutdown initiated...
2026-05-06 07:21:41.553 | INFO  | [SpringApplicationShutdownHook] | com.zaxxer.hikari.HikariDataSource.close | HikariPool-1 - Shutdown completed.
2026-05-06 07:21:41.554 | INFO  | [SpringApplicationShutdownHook] | c.netflix.discovery.DiscoveryClient.shutdown | Shutting down DiscoveryClient ...
2026-05-06 07:21:41.554 | INFO  | [SpringApplicationShutdownHook] | c.netflix.discovery.DiscoveryClient.shutdown | Completed shut down of DiscoveryClient
2026-05-06 07:22:08.830 | INFO  | [background-preinit] | o.h.validator.internal.util.Version.<clinit> | HV000001: Hibernate Validator 8.0.3.Final
2026-05-06 07:22:08.889 | INFO  | [restartedMain] | c.e.a.AuthserviceApplication.logStarting | Starting AuthserviceApplication using Java 17.0.12 with PID 25960 (C:\Users\Inam\Desktop\ecome origingit\E-commerce_microservice\authservice\target\classes started by Inam in C:\Users\Inam\Desktop\ecome origingit\E-commerce_microservice\authservice)
2026-05-06 07:22:08.889 | INFO  | [restartedMain] | c.e.a.AuthserviceApplication.logStartupProfileInfo | No active profile set, falling back to 1 default profile: "default"
2026-05-06 07:22:08.940 | INFO  | [restartedMain] | o.s.b.d.e.DevToolsPropertyDefaultsPostProcessor.log | Devtools property defaults active! Set 'spring.devtools.add-properties' to 'false' to disable
2026-05-06 07:22:08.940 | INFO  | [restartedMain] | o.s.b.d.e.DevToolsPropertyDefaultsPostProcessor.log | For additional web related logging consider setting the 'logging.level.web' property to 'DEBUG'
2026-05-06 07:22:10.128 | INFO  | [restartedMain] | o.s.d.r.c.RepositoryConfigurationDelegate.registerRepositoriesIn | Bootstrapping Spring Data JPA repositories in DEFAULT mode.
2026-05-06 07:22:10.559 | INFO  | [restartedMain] | o.s.d.r.c.RepositoryConfigurationDelegate.registerRepositoriesIn | Finished Spring Data repository scanning in 406 ms. Found 2 JPA repository interfaces.
2026-05-06 07:22:11.199 | INFO  | [restartedMain] | o.s.cloud.context.scope.GenericScope.setSerializationId | BeanFactory id=e99c07ae-5169-347a-a376-7871feb0282a
2026-05-06 07:22:12.534 | INFO  | [restartedMain] | o.s.b.w.e.tomcat.TomcatWebServer.initialize | Tomcat initialized with port 8001 (http)
2026-05-06 07:22:12.563 | INFO  | [restartedMain] | o.a.coyote.http11.Http11NioProtocol.log | Initializing ProtocolHandler ["http-nio-8001"]
2026-05-06 07:22:12.568 | INFO  | [restartedMain] | o.a.catalina.core.StandardService.log | Starting service [Tomcat]
2026-05-06 07:22:12.569 | INFO  | [restartedMain] | o.a.catalina.core.StandardEngine.log | Starting Servlet engine: [Apache Tomcat/10.1.53]
2026-05-06 07:22:12.754 | INFO  | [restartedMain] | o.a.c.c.C.[Tomcat].[localhost].[/].log | Initializing Spring embedded WebApplicationContext
2026-05-06 07:22:12.755 | INFO  | [restartedMain] | o.s.b.w.s.c.ServletWebServerApplicationContext.prepareWebApplicationContext | Root WebApplicationContext: initialization completed in 3814 ms
2026-05-06 07:22:13.184 | INFO  | [restartedMain] | o.h.jpa.internal.util.LogHelper.logPersistenceUnitInformation | HHH000204: Processing PersistenceUnitInfo [name: default]
2026-05-06 07:22:13.324 | INFO  | [restartedMain] | org.hibernate.Version.logVersion | HHH000412: Hibernate ORM core version 6.6.45.Final
2026-05-06 07:22:13.421 | INFO  | [restartedMain] | o.h.c.i.RegionFactoryInitiator.initiateService | HHH000026: Second-level cache disabled
2026-05-06 07:22:14.121 | INFO  | [restartedMain] | o.s.o.j.p.SpringPersistenceUnitInfo.addTransformer | No LoadTimeWeaver setup: ignoring JPA class transformer
2026-05-06 07:22:14.202 | INFO  | [restartedMain] | com.zaxxer.hikari.HikariDataSource.getConnection | HikariPool-1 - Starting...
2026-05-06 07:22:14.950 | INFO  | [restartedMain] | com.zaxxer.hikari.pool.HikariPool.checkFailFast | HikariPool-1 - Added connection com.mysql.cj.jdbc.ConnectionImpl@14115585
2026-05-06 07:22:14.956 | INFO  | [restartedMain] | com.zaxxer.hikari.HikariDataSource.getConnection | HikariPool-1 - Start completed.
2026-05-06 07:22:15.082 | WARN  | [restartedMain] | org.hibernate.orm.deprecation.constructDialect | HHH90000025: MySQL8Dialect does not need to be specified explicitly using 'hibernate.dialect' (remove the property setting and it will be selected by default)
2026-05-06 07:22:15.087 | WARN  | [restartedMain] | org.hibernate.orm.deprecation.logSelectedDialect | HHH90000026: MySQL8Dialect has been deprecated; use org.hibernate.dialect.MySQLDialect instead
2026-05-06 07:22:15.144 | INFO  | [restartedMain] | o.hibernate.orm.connections.pooling.logConnectionInfo | HHH10001005: Database info:
	Database JDBC URL [Connecting through datasource 'HikariDataSource (HikariPool-1)']
	Database driver: undefined/unknown
	Database version: 8.0
	Autocommit mode: undefined/unknown
	Isolation level: undefined/unknown
	Minimum pool size: undefined/unknown
	Maximum pool size: undefined/unknown
2026-05-06 07:22:17.844 | INFO  | [restartedMain] | o.h.e.t.j.p.i.JtaPlatformInitiator.initiateService | HHH000489: No JTA platform available (set 'hibernate.transaction.jta.platform' to enable JTA platform integration)
2026-05-06 07:22:18.046 | INFO  | [restartedMain] | o.s.o.j.LocalContainerEntityManagerFactoryBean.buildNativeEntityManagerFactory | Initialized JPA EntityManagerFactory for persistence unit 'default'
2026-05-06 07:22:19.128 | WARN  | [restartedMain] | o.s.b.a.o.j.JpaBaseConfiguration$JpaWebConfiguration.openEntityManagerInViewInterceptor | spring.jpa.open-in-view is enabled by default. Therefore, database queries may be performed during view rendering. Explicitly configure spring.jpa.open-in-view to disable this warning
2026-05-06 07:22:19.745 | INFO  | [restartedMain] | o.s.s.c.a.a.c.InitializeAuthenticationProviderBeanManagerConfigurer$InitializeAuthenticationProviderManagerConfigurer.configure | Global AuthenticationManager configured with AuthenticationProvider bean with name authenticationProvider
2026-05-06 07:22:19.747 | WARN  | [restartedMain] | o.s.s.c.a.a.c.InitializeUserDetailsBeanManagerConfigurer$InitializeUserDetailsManagerConfigurer.configure | Global AuthenticationManager configured with an AuthenticationProvider bean. UserDetailsService beans will not be used by Spring Security for automatically configuring username/password login. Consider removing the AuthenticationProvider bean. Alternatively, consider using the UserDetailsService in a manually instantiated DaoAuthenticationProvider. If the current configuration is intentional, to turn off this warning, increase the logging level of 'org.springframework.security.config.annotation.authentication.configuration.InitializeUserDetailsBeanManagerConfigurer' to ERROR
2026-05-06 07:22:20.717 | INFO  | [restartedMain] | o.s.b.d.a.OptionalLiveReloadServer.startServer | LiveReload server is running on port 35729
2026-05-06 07:22:21.444 | INFO  | [restartedMain] | o.s.c.n.e.c.DiscoveryClientOptionalArgsConfiguration.restTemplateDiscoveryClientOptionalArgs | Eureka HTTP Client uses RestTemplate.
2026-05-06 07:22:21.585 | WARN  | [restartedMain] | o.s.c.l.c.LoadBalancerCacheAutoConfiguration$LoadBalancerCaffeineWarnLogger.afterPropertiesSet | Spring Cloud LoadBalancer is currently working with the default cache. While this cache implementation is useful for development and tests, it's recommended to use Caffeine cache in production.You can switch to using Caffeine cache, by adding it and org.springframework.cache.caffeine.CaffeineCacheManager to the classpath.
2026-05-06 07:22:21.648 | INFO  | [restartedMain] | o.s.c.n.eureka.InstanceInfoFactory.create | Setting initial instance status as: STARTING
2026-05-06 07:22:21.721 | INFO  | [restartedMain] | c.netflix.discovery.DiscoveryClient.<init> | Initializing Eureka in region us-east-1
2026-05-06 07:22:21.722 | INFO  | [restartedMain] | c.netflix.discovery.DiscoveryClient.<init> | Client configured to neither register nor query for data.
2026-05-06 07:22:21.729 | INFO  | [restartedMain] | c.netflix.discovery.DiscoveryClient.<init> | Discovery Client initialized at timestamp 1778077341726 with initial instances count: 0
2026-05-06 07:22:21.743 | INFO  | [restartedMain] | o.s.c.n.e.s.EurekaServiceRegistry.register | Registering application AUTHSERVICE with eureka with status UP
2026-05-06 07:22:21.746 | INFO  | [restartedMain] | o.a.coyote.http11.Http11NioProtocol.log | Starting ProtocolHandler ["http-nio-8001"]
2026-05-06 07:22:21.795 | INFO  | [restartedMain] | o.s.b.w.e.tomcat.TomcatWebServer.start | Tomcat started on port 8001 (http) with context path '/'
2026-05-06 07:22:21.797 | INFO  | [restartedMain] | o.s.c.n.e.s.EurekaAutoServiceRegistration.onApplicationEvent | Updating port to 8001
2026-05-06 07:22:22.272 | INFO  | [restartedMain] | c.e.a.AuthserviceApplication.logStarted | Started AuthserviceApplication in 14.429 seconds (process running for 15.354)
2026-05-06 07:25:40.519 | INFO  | [http-nio-8001-exec-1] | o.a.c.c.C.[Tomcat].[localhost].[/].log | Initializing Spring DispatcherServlet 'dispatcherServlet'
2026-05-06 07:25:40.519 | INFO  | [http-nio-8001-exec-1] | o.s.web.servlet.DispatcherServlet.initServletBean | Initializing Servlet 'dispatcherServlet'
2026-05-06 07:25:40.521 | INFO  | [http-nio-8001-exec-1] | o.s.web.servlet.DispatcherServlet.initServletBean | Completed initialization in 2 ms
2026-05-06 07:25:41.115 | DEBUG | [http-nio-8001-exec-1] | org.hibernate.SQL.logStatement | 
    select
        u1_0.id,
        u1_0.account_non_locked,
        u1_0.created_at,
        u1_0.email,
        u1_0.enabled,
        u1_0.first_name,
        u1_0.last_name,
        u1_0.password 
    from
        users u1_0 
    where
        upper(u1_0.email)=upper(?)
2026-05-06 07:25:41.226 | WARN  | [http-nio-8001-exec-1] | o.s.w.s.m.m.a.ExceptionHandlerExceptionResolver.logException | Resolved [jakarta.persistence.EntityNotFoundException: user not found]
2026-05-06 07:26:17.100 | INFO  | [SpringApplicationShutdownHook] | o.s.c.n.e.s.EurekaServiceRegistry.deregister | Unregistering application AUTHSERVICE with eureka with status DOWN
2026-05-06 07:26:17.104 | INFO  | [SpringApplicationShutdownHook] | o.s.b.w.e.tomcat.GracefulShutdown.shutDownGracefully | Commencing graceful shutdown. Waiting for active requests to complete
2026-05-06 07:26:17.960 | INFO  | [tomcat-shutdown] | o.s.b.w.e.tomcat.GracefulShutdown.doShutdown | Graceful shutdown complete
2026-05-06 07:26:17.969 | INFO  | [SpringApplicationShutdownHook] | o.s.o.j.LocalContainerEntityManagerFactoryBean.destroy | Closing JPA EntityManagerFactory for persistence unit 'default'
2026-05-06 07:26:17.975 | INFO  | [SpringApplicationShutdownHook] | com.zaxxer.hikari.HikariDataSource.close | HikariPool-1 - Shutdown initiated...
2026-05-06 07:26:17.989 | INFO  | [SpringApplicationShutdownHook] | com.zaxxer.hikari.HikariDataSource.close | HikariPool-1 - Shutdown completed.
2026-05-06 07:26:17.991 | INFO  | [SpringApplicationShutdownHook] | c.netflix.discovery.DiscoveryClient.shutdown | Shutting down DiscoveryClient ...
2026-05-06 07:26:17.991 | INFO  | [SpringApplicationShutdownHook] | c.netflix.discovery.DiscoveryClient.shutdown | Completed shut down of DiscoveryClient
2026-05-06 07:27:01.525 | INFO  | [background-preinit] | o.h.validator.internal.util.Version.<clinit> | HV000001: Hibernate Validator 8.0.3.Final
2026-05-06 07:27:01.586 | INFO  | [restartedMain] | c.e.a.AuthserviceApplication.logStarting | Starting AuthserviceApplication using Java 17.0.12 with PID 10092 (C:\Users\Inam\Desktop\ecome origingit\E-commerce_microservice\authservice\target\classes started by Inam in C:\Users\Inam\Desktop\ecome origingit\E-commerce_microservice\authservice)
2026-05-06 07:27:01.587 | INFO  | [restartedMain] | c.e.a.AuthserviceApplication.logStartupProfileInfo | No active profile set, falling back to 1 default profile: "default"
2026-05-06 07:27:01.638 | INFO  | [restartedMain] | o.s.b.d.e.DevToolsPropertyDefaultsPostProcessor.log | Devtools property defaults active! Set 'spring.devtools.add-properties' to 'false' to disable
2026-05-06 07:27:01.639 | INFO  | [restartedMain] | o.s.b.d.e.DevToolsPropertyDefaultsPostProcessor.log | For additional web related logging consider setting the 'logging.level.web' property to 'DEBUG'
2026-05-06 07:27:02.983 | INFO  | [restartedMain] | o.s.d.r.c.RepositoryConfigurationDelegate.registerRepositoriesIn | Bootstrapping Spring Data JPA repositories in DEFAULT mode.
2026-05-06 07:27:03.426 | INFO  | [restartedMain] | o.s.d.r.c.RepositoryConfigurationDelegate.registerRepositoriesIn | Finished Spring Data repository scanning in 419 ms. Found 2 JPA repository interfaces.
2026-05-06 07:27:04.077 | INFO  | [restartedMain] | o.s.cloud.context.scope.GenericScope.setSerializationId | BeanFactory id=e99c07ae-5169-347a-a376-7871feb0282a
2026-05-06 07:27:05.533 | INFO  | [restartedMain] | o.s.b.w.e.tomcat.TomcatWebServer.initialize | Tomcat initialized with port 8001 (http)
2026-05-06 07:27:05.568 | INFO  | [restartedMain] | o.a.coyote.http11.Http11NioProtocol.log | Initializing ProtocolHandler ["http-nio-8001"]
2026-05-06 07:27:05.572 | INFO  | [restartedMain] | o.a.catalina.core.StandardService.log | Starting service [Tomcat]
2026-05-06 07:27:05.573 | INFO  | [restartedMain] | o.a.catalina.core.StandardEngine.log | Starting Servlet engine: [Apache Tomcat/10.1.53]
2026-05-06 07:27:05.698 | INFO  | [restartedMain] | o.a.c.c.C.[Tomcat].[localhost].[/].log | Initializing Spring embedded WebApplicationContext
2026-05-06 07:27:05.699 | INFO  | [restartedMain] | o.s.b.w.s.c.ServletWebServerApplicationContext.prepareWebApplicationContext | Root WebApplicationContext: initialization completed in 4060 ms
2026-05-06 07:27:06.015 | INFO  | [restartedMain] | o.h.jpa.internal.util.LogHelper.logPersistenceUnitInformation | HHH000204: Processing PersistenceUnitInfo [name: default]
2026-05-06 07:27:06.154 | INFO  | [restartedMain] | org.hibernate.Version.logVersion | HHH000412: Hibernate ORM core version 6.6.45.Final
2026-05-06 07:27:06.301 | INFO  | [restartedMain] | o.h.c.i.RegionFactoryInitiator.initiateService | HHH000026: Second-level cache disabled
2026-05-06 07:27:06.650 | INFO  | [restartedMain] | o.s.o.j.p.SpringPersistenceUnitInfo.addTransformer | No LoadTimeWeaver setup: ignoring JPA class transformer
2026-05-06 07:27:06.695 | INFO  | [restartedMain] | com.zaxxer.hikari.HikariDataSource.getConnection | HikariPool-1 - Starting...
2026-05-06 07:27:07.068 | INFO  | [restartedMain] | com.zaxxer.hikari.pool.HikariPool.checkFailFast | HikariPool-1 - Added connection com.mysql.cj.jdbc.ConnectionImpl@6549f5b5
2026-05-06 07:27:07.071 | INFO  | [restartedMain] | com.zaxxer.hikari.HikariDataSource.getConnection | HikariPool-1 - Start completed.
2026-05-06 07:27:07.147 | WARN  | [restartedMain] | org.hibernate.orm.deprecation.constructDialect | HHH90000025: MySQL8Dialect does not need to be specified explicitly using 'hibernate.dialect' (remove the property setting and it will be selected by default)
2026-05-06 07:27:07.149 | WARN  | [restartedMain] | org.hibernate.orm.deprecation.logSelectedDialect | HHH90000026: MySQL8Dialect has been deprecated; use org.hibernate.dialect.MySQLDialect instead
2026-05-06 07:27:07.185 | INFO  | [restartedMain] | o.hibernate.orm.connections.pooling.logConnectionInfo | HHH10001005: Database info:
	Database JDBC URL [Connecting through datasource 'HikariDataSource (HikariPool-1)']
	Database driver: undefined/unknown
	Database version: 8.0
	Autocommit mode: undefined/unknown
	Isolation level: undefined/unknown
	Minimum pool size: undefined/unknown
	Maximum pool size: undefined/unknown
2026-05-06 07:27:09.090 | INFO  | [restartedMain] | o.h.e.t.j.p.i.JtaPlatformInitiator.initiateService | HHH000489: No JTA platform available (set 'hibernate.transaction.jta.platform' to enable JTA platform integration)
2026-05-06 07:27:09.245 | INFO  | [restartedMain] | o.s.o.j.LocalContainerEntityManagerFactoryBean.buildNativeEntityManagerFactory | Initialized JPA EntityManagerFactory for persistence unit 'default'
2026-05-06 07:27:10.167 | WARN  | [restartedMain] | o.s.b.a.o.j.JpaBaseConfiguration$JpaWebConfiguration.openEntityManagerInViewInterceptor | spring.jpa.open-in-view is enabled by default. Therefore, database queries may be performed during view rendering. Explicitly configure spring.jpa.open-in-view to disable this warning
2026-05-06 07:27:10.784 | INFO  | [restartedMain] | o.s.s.c.a.a.c.InitializeAuthenticationProviderBeanManagerConfigurer$InitializeAuthenticationProviderManagerConfigurer.configure | Global AuthenticationManager configured with AuthenticationProvider bean with name authenticationProvider
2026-05-06 07:27:10.785 | WARN  | [restartedMain] | o.s.s.c.a.a.c.InitializeUserDetailsBeanManagerConfigurer$InitializeUserDetailsManagerConfigurer.configure | Global AuthenticationManager configured with an AuthenticationProvider bean. UserDetailsService beans will not be used by Spring Security for automatically configuring username/password login. Consider removing the AuthenticationProvider bean. Alternatively, consider using the UserDetailsService in a manually instantiated DaoAuthenticationProvider. If the current configuration is intentional, to turn off this warning, increase the logging level of 'org.springframework.security.config.annotation.authentication.configuration.InitializeUserDetailsBeanManagerConfigurer' to ERROR
2026-05-06 07:27:11.764 | INFO  | [restartedMain] | o.s.b.d.a.OptionalLiveReloadServer.startServer | LiveReload server is running on port 35729
2026-05-06 07:27:12.651 | INFO  | [restartedMain] | o.s.c.n.e.c.DiscoveryClientOptionalArgsConfiguration.restTemplateDiscoveryClientOptionalArgs | Eureka HTTP Client uses RestTemplate.
2026-05-06 07:27:12.774 | WARN  | [restartedMain] | o.s.c.l.c.LoadBalancerCacheAutoConfiguration$LoadBalancerCaffeineWarnLogger.afterPropertiesSet | Spring Cloud LoadBalancer is currently working with the default cache. While this cache implementation is useful for development and tests, it's recommended to use Caffeine cache in production.You can switch to using Caffeine cache, by adding it and org.springframework.cache.caffeine.CaffeineCacheManager to the classpath.
2026-05-06 07:27:12.837 | INFO  | [restartedMain] | o.s.c.n.eureka.InstanceInfoFactory.create | Setting initial instance status as: STARTING
2026-05-06 07:27:12.910 | INFO  | [restartedMain] | c.netflix.discovery.DiscoveryClient.<init> | Initializing Eureka in region us-east-1
2026-05-06 07:27:12.911 | INFO  | [restartedMain] | c.netflix.discovery.DiscoveryClient.<init> | Client configured to neither register nor query for data.
2026-05-06 07:27:12.918 | INFO  | [restartedMain] | c.netflix.discovery.DiscoveryClient.<init> | Discovery Client initialized at timestamp 1778077632915 with initial instances count: 0
2026-05-06 07:27:12.933 | INFO  | [restartedMain] | o.s.c.n.e.s.EurekaServiceRegistry.register | Registering application AUTHSERVICE with eureka with status UP
2026-05-06 07:27:12.935 | INFO  | [restartedMain] | o.a.coyote.http11.Http11NioProtocol.log | Starting ProtocolHandler ["http-nio-8001"]
2026-05-06 07:27:12.985 | INFO  | [restartedMain] | o.s.b.w.e.tomcat.TomcatWebServer.start | Tomcat started on port 8001 (http) with context path '/'
2026-05-06 07:27:12.989 | INFO  | [restartedMain] | o.s.c.n.e.s.EurekaAutoServiceRegistration.onApplicationEvent | Updating port to 8001
2026-05-06 07:27:13.423 | INFO  | [restartedMain] | c.e.a.AuthserviceApplication.logStarted | Started AuthserviceApplication in 12.782 seconds (process running for 13.62)
2026-05-06 07:27:18.360 | INFO  | [http-nio-8001-exec-2] | o.a.c.c.C.[Tomcat].[localhost].[/].log | Initializing Spring DispatcherServlet 'dispatcherServlet'
2026-05-06 07:27:18.363 | INFO  | [http-nio-8001-exec-2] | o.s.web.servlet.DispatcherServlet.initServletBean | Initializing Servlet 'dispatcherServlet'
2026-05-06 07:27:18.370 | INFO  | [http-nio-8001-exec-2] | o.s.web.servlet.DispatcherServlet.initServletBean | Completed initialization in 4 ms
2026-05-06 07:27:19.467 | DEBUG | [http-nio-8001-exec-2] | org.hibernate.SQL.logStatement | 
    select
        u1_0.id,
        u1_0.account_non_locked,
        u1_0.created_at,
        u1_0.email,
        u1_0.enabled,
        u1_0.first_name,
        u1_0.last_name,
        u1_0.password 
    from
        users u1_0 
    where
        upper(u1_0.email)=upper(?)
2026-05-06 07:27:19.666 | WARN  | [http-nio-8001-exec-2] | o.s.w.s.m.m.a.ExceptionHandlerExceptionResolver.logException | Resolved [jakarta.persistence.EntityNotFoundException: user re not found]
2026-05-06 07:28:04.618 | INFO  | [SpringApplicationShutdownHook] | o.s.c.n.e.s.EurekaServiceRegistry.deregister | Unregistering application AUTHSERVICE with eureka with status DOWN
2026-05-06 07:28:04.620 | INFO  | [SpringApplicationShutdownHook] | o.s.b.w.e.tomcat.GracefulShutdown.shutDownGracefully | Commencing graceful shutdown. Waiting for active requests to complete
2026-05-06 07:28:05.199 | INFO  | [tomcat-shutdown] | o.s.b.w.e.tomcat.GracefulShutdown.doShutdown | Graceful shutdown complete
2026-05-06 07:28:05.212 | INFO  | [SpringApplicationShutdownHook] | o.s.o.j.LocalContainerEntityManagerFactoryBean.destroy | Closing JPA EntityManagerFactory for persistence unit 'default'
2026-05-06 07:28:05.216 | INFO  | [SpringApplicationShutdownHook] | com.zaxxer.hikari.HikariDataSource.close | HikariPool-1 - Shutdown initiated...
2026-05-06 07:28:05.226 | INFO  | [SpringApplicationShutdownHook] | com.zaxxer.hikari.HikariDataSource.close | HikariPool-1 - Shutdown completed.
2026-05-06 07:28:05.226 | INFO  | [SpringApplicationShutdownHook] | c.netflix.discovery.DiscoveryClient.shutdown | Shutting down DiscoveryClient ...
2026-05-06 07:28:05.226 | INFO  | [SpringApplicationShutdownHook] | c.netflix.discovery.DiscoveryClient.shutdown | Completed shut down of DiscoveryClient
2026-05-06 07:28:17.926 | INFO  | [background-preinit] | o.h.validator.internal.util.Version.<clinit> | HV000001: Hibernate Validator 8.0.3.Final
2026-05-06 07:28:17.985 | INFO  | [restartedMain] | c.e.a.AuthserviceApplication.logStarting | Starting AuthserviceApplication using Java 17.0.12 with PID 18624 (C:\Users\Inam\Desktop\ecome origingit\E-commerce_microservice\authservice\target\classes started by Inam in C:\Users\Inam\Desktop\ecome origingit\E-commerce_microservice\authservice)
2026-05-06 07:28:17.986 | INFO  | [restartedMain] | c.e.a.AuthserviceApplication.logStartupProfileInfo | No active profile set, falling back to 1 default profile: "default"
2026-05-06 07:28:18.036 | INFO  | [restartedMain] | o.s.b.d.e.DevToolsPropertyDefaultsPostProcessor.log | Devtools property defaults active! Set 'spring.devtools.add-properties' to 'false' to disable
2026-05-06 07:28:18.036 | INFO  | [restartedMain] | o.s.b.d.e.DevToolsPropertyDefaultsPostProcessor.log | For additional web related logging consider setting the 'logging.level.web' property to 'DEBUG'
2026-05-06 07:28:19.465 | INFO  | [restartedMain] | o.s.d.r.c.RepositoryConfigurationDelegate.registerRepositoriesIn | Bootstrapping Spring Data JPA repositories in DEFAULT mode.
2026-05-06 07:28:19.901 | INFO  | [restartedMain] | o.s.d.r.c.RepositoryConfigurationDelegate.registerRepositoriesIn | Finished Spring Data repository scanning in 419 ms. Found 2 JPA repository interfaces.
2026-05-06 07:28:20.665 | INFO  | [restartedMain] | o.s.cloud.context.scope.GenericScope.setSerializationId | BeanFactory id=e99c07ae-5169-347a-a376-7871feb0282a
2026-05-06 07:28:22.242 | INFO  | [restartedMain] | o.s.b.w.e.tomcat.TomcatWebServer.initialize | Tomcat initialized with port 8001 (http)
2026-05-06 07:28:22.273 | INFO  | [restartedMain] | o.a.coyote.http11.Http11NioProtocol.log | Initializing ProtocolHandler ["http-nio-8001"]
2026-05-06 07:28:22.277 | INFO  | [restartedMain] | o.a.catalina.core.StandardService.log | Starting service [Tomcat]
2026-05-06 07:28:22.278 | INFO  | [restartedMain] | o.a.catalina.core.StandardEngine.log | Starting Servlet engine: [Apache Tomcat/10.1.53]
2026-05-06 07:28:22.444 | INFO  | [restartedMain] | o.a.c.c.C.[Tomcat].[localhost].[/].log | Initializing Spring embedded WebApplicationContext
2026-05-06 07:28:22.445 | INFO  | [restartedMain] | o.s.b.w.s.c.ServletWebServerApplicationContext.prepareWebApplicationContext | Root WebApplicationContext: initialization completed in 4407 ms
2026-05-06 07:28:22.817 | INFO  | [restartedMain] | o.h.jpa.internal.util.LogHelper.logPersistenceUnitInformation | HHH000204: Processing PersistenceUnitInfo [name: default]
2026-05-06 07:28:22.932 | INFO  | [restartedMain] | org.hibernate.Version.logVersion | HHH000412: Hibernate ORM core version 6.6.45.Final
2026-05-06 07:28:23.061 | INFO  | [restartedMain] | o.h.c.i.RegionFactoryInitiator.initiateService | HHH000026: Second-level cache disabled
2026-05-06 07:28:23.714 | INFO  | [restartedMain] | o.s.o.j.p.SpringPersistenceUnitInfo.addTransformer | No LoadTimeWeaver setup: ignoring JPA class transformer
2026-05-06 07:28:23.801 | INFO  | [restartedMain] | com.zaxxer.hikari.HikariDataSource.getConnection | HikariPool-1 - Starting...
2026-05-06 07:28:24.600 | INFO  | [restartedMain] | com.zaxxer.hikari.pool.HikariPool.checkFailFast | HikariPool-1 - Added connection com.mysql.cj.jdbc.ConnectionImpl@58075194
2026-05-06 07:28:24.608 | INFO  | [restartedMain] | com.zaxxer.hikari.HikariDataSource.getConnection | HikariPool-1 - Start completed.
2026-05-06 07:28:24.778 | WARN  | [restartedMain] | org.hibernate.orm.deprecation.constructDialect | HHH90000025: MySQL8Dialect does not need to be specified explicitly using 'hibernate.dialect' (remove the property setting and it will be selected by default)
2026-05-06 07:28:24.781 | WARN  | [restartedMain] | org.hibernate.orm.deprecation.logSelectedDialect | HHH90000026: MySQL8Dialect has been deprecated; use org.hibernate.dialect.MySQLDialect instead
2026-05-06 07:28:24.870 | INFO  | [restartedMain] | o.hibernate.orm.connections.pooling.logConnectionInfo | HHH10001005: Database info:
	Database JDBC URL [Connecting through datasource 'HikariDataSource (HikariPool-1)']
	Database driver: undefined/unknown
	Database version: 8.0
	Autocommit mode: undefined/unknown
	Isolation level: undefined/unknown
	Minimum pool size: undefined/unknown
	Maximum pool size: undefined/unknown
2026-05-06 07:28:27.419 | INFO  | [restartedMain] | o.h.e.t.j.p.i.JtaPlatformInitiator.initiateService | HHH000489: No JTA platform available (set 'hibernate.transaction.jta.platform' to enable JTA platform integration)
2026-05-06 07:28:27.653 | INFO  | [restartedMain] | o.s.o.j.LocalContainerEntityManagerFactoryBean.buildNativeEntityManagerFactory | Initialized JPA EntityManagerFactory for persistence unit 'default'
2026-05-06 07:28:28.926 | WARN  | [restartedMain] | o.s.b.a.o.j.JpaBaseConfiguration$JpaWebConfiguration.openEntityManagerInViewInterceptor | spring.jpa.open-in-view is enabled by default. Therefore, database queries may be performed during view rendering. Explicitly configure spring.jpa.open-in-view to disable this warning
2026-05-06 07:28:29.664 | INFO  | [restartedMain] | o.s.s.c.a.a.c.InitializeAuthenticationProviderBeanManagerConfigurer$InitializeAuthenticationProviderManagerConfigurer.configure | Global AuthenticationManager configured with AuthenticationProvider bean with name authenticationProvider
2026-05-06 07:28:29.666 | WARN  | [restartedMain] | o.s.s.c.a.a.c.InitializeUserDetailsBeanManagerConfigurer$InitializeUserDetailsManagerConfigurer.configure | Global AuthenticationManager configured with an AuthenticationProvider bean. UserDetailsService beans will not be used by Spring Security for automatically configuring username/password login. Consider removing the AuthenticationProvider bean. Alternatively, consider using the UserDetailsService in a manually instantiated DaoAuthenticationProvider. If the current configuration is intentional, to turn off this warning, increase the logging level of 'org.springframework.security.config.annotation.authentication.configuration.InitializeUserDetailsBeanManagerConfigurer' to ERROR
2026-05-06 07:28:30.580 | INFO  | [restartedMain] | o.s.b.d.a.OptionalLiveReloadServer.startServer | LiveReload server is running on port 35729
2026-05-06 07:28:31.609 | INFO  | [restartedMain] | o.s.c.n.e.c.DiscoveryClientOptionalArgsConfiguration.restTemplateDiscoveryClientOptionalArgs | Eureka HTTP Client uses RestTemplate.
2026-05-06 07:28:31.753 | WARN  | [restartedMain] | o.s.c.l.c.LoadBalancerCacheAutoConfiguration$LoadBalancerCaffeineWarnLogger.afterPropertiesSet | Spring Cloud LoadBalancer is currently working with the default cache. While this cache implementation is useful for development and tests, it's recommended to use Caffeine cache in production.You can switch to using Caffeine cache, by adding it and org.springframework.cache.caffeine.CaffeineCacheManager to the classpath.
2026-05-06 07:28:31.830 | INFO  | [restartedMain] | o.s.c.n.eureka.InstanceInfoFactory.create | Setting initial instance status as: STARTING
2026-05-06 07:28:31.929 | INFO  | [restartedMain] | c.netflix.discovery.DiscoveryClient.<init> | Initializing Eureka in region us-east-1
2026-05-06 07:28:31.929 | INFO  | [restartedMain] | c.netflix.discovery.DiscoveryClient.<init> | Client configured to neither register nor query for data.
2026-05-06 07:28:31.938 | INFO  | [restartedMain] | c.netflix.discovery.DiscoveryClient.<init> | Discovery Client initialized at timestamp 1778077711934 with initial instances count: 0
2026-05-06 07:28:31.955 | INFO  | [restartedMain] | o.s.c.n.e.s.EurekaServiceRegistry.register | Registering application AUTHSERVICE with eureka with status UP
2026-05-06 07:28:31.958 | INFO  | [restartedMain] | o.a.coyote.http11.Http11NioProtocol.log | Starting ProtocolHandler ["http-nio-8001"]
2026-05-06 07:28:32.013 | INFO  | [restartedMain] | o.s.b.w.e.tomcat.TomcatWebServer.start | Tomcat started on port 8001 (http) with context path '/'
2026-05-06 07:28:32.015 | INFO  | [restartedMain] | o.s.c.n.e.s.EurekaAutoServiceRegistration.onApplicationEvent | Updating port to 8001
2026-05-06 07:28:32.507 | INFO  | [restartedMain] | c.e.a.AuthserviceApplication.logStarted | Started AuthserviceApplication in 15.46 seconds (process running for 16.286)
2026-05-06 07:28:34.961 | INFO  | [http-nio-8001-exec-2] | o.a.c.c.C.[Tomcat].[localhost].[/].log | Initializing Spring DispatcherServlet 'dispatcherServlet'
2026-05-06 07:28:34.961 | INFO  | [http-nio-8001-exec-2] | o.s.web.servlet.DispatcherServlet.initServletBean | Initializing Servlet 'dispatcherServlet'
2026-05-06 07:28:34.963 | INFO  | [http-nio-8001-exec-2] | o.s.web.servlet.DispatcherServlet.initServletBean | Completed initialization in 2 ms
2026-05-06 07:28:35.906 | DEBUG | [http-nio-8001-exec-2] | org.hibernate.SQL.logStatement | 
    select
        u1_0.id,
        u1_0.account_non_locked,
        u1_0.created_at,
        u1_0.email,
        u1_0.enabled,
        u1_0.first_name,
        u1_0.last_name,
        u1_0.password 
    from
        users u1_0 
    where
        upper(u1_0.email)=upper(?)
2026-05-06 07:28:36.111 | WARN  | [http-nio-8001-exec-2] | o.s.w.s.m.m.a.ExceptionHandlerExceptionResolver.logException | Resolved [jakarta.persistence.EntityNotFoundException: user re not found]
2026-05-06 07:31:15.345 | INFO  | [SpringApplicationShutdownHook] | o.s.c.n.e.s.EurekaServiceRegistry.deregister | Unregistering application AUTHSERVICE with eureka with status DOWN
2026-05-06 07:31:15.349 | INFO  | [SpringApplicationShutdownHook] | o.s.b.w.e.tomcat.GracefulShutdown.shutDownGracefully | Commencing graceful shutdown. Waiting for active requests to complete
2026-05-06 07:31:15.973 | INFO  | [tomcat-shutdown] | o.s.b.w.e.tomcat.GracefulShutdown.doShutdown | Graceful shutdown complete
2026-05-06 07:31:15.978 | INFO  | [SpringApplicationShutdownHook] | o.s.o.j.LocalContainerEntityManagerFactoryBean.destroy | Closing JPA EntityManagerFactory for persistence unit 'default'
2026-05-06 07:31:15.982 | INFO  | [SpringApplicationShutdownHook] | com.zaxxer.hikari.HikariDataSource.close | HikariPool-1 - Shutdown initiated...
2026-05-06 07:31:15.989 | INFO  | [SpringApplicationShutdownHook] | com.zaxxer.hikari.HikariDataSource.close | HikariPool-1 - Shutdown completed.
2026-05-06 07:31:15.991 | INFO  | [SpringApplicationShutdownHook] | c.netflix.discovery.DiscoveryClient.shutdown | Shutting down DiscoveryClient ...
2026-05-06 07:31:15.991 | INFO  | [SpringApplicationShutdownHook] | c.netflix.discovery.DiscoveryClient.shutdown | Completed shut down of DiscoveryClient
2026-05-06 07:34:03.191 | INFO  | [background-preinit] | o.h.validator.internal.util.Version.<clinit> | HV000001: Hibernate Validator 8.0.3.Final
2026-05-06 07:34:03.253 | INFO  | [restartedMain] | c.e.a.AuthserviceApplication.logStarting | Starting AuthserviceApplication using Java 17.0.12 with PID 3604 (C:\Users\Inam\Desktop\ecome origingit\E-commerce_microservice\authservice\target\classes started by Inam in C:\Users\Inam\Desktop\ecome origingit\E-commerce_microservice\authservice)
2026-05-06 07:34:03.256 | INFO  | [restartedMain] | c.e.a.AuthserviceApplication.logStartupProfileInfo | No active profile set, falling back to 1 default profile: "default"
2026-05-06 07:34:03.327 | INFO  | [restartedMain] | o.s.b.d.e.DevToolsPropertyDefaultsPostProcessor.log | Devtools property defaults active! Set 'spring.devtools.add-properties' to 'false' to disable
2026-05-06 07:34:03.327 | INFO  | [restartedMain] | o.s.b.d.e.DevToolsPropertyDefaultsPostProcessor.log | For additional web related logging consider setting the 'logging.level.web' property to 'DEBUG'
2026-05-06 07:34:04.628 | INFO  | [restartedMain] | o.s.d.r.c.RepositoryConfigurationDelegate.registerRepositoriesIn | Bootstrapping Spring Data JPA repositories in DEFAULT mode.
2026-05-06 07:34:05.010 | INFO  | [restartedMain] | o.s.d.r.c.RepositoryConfigurationDelegate.registerRepositoriesIn | Finished Spring Data repository scanning in 370 ms. Found 2 JPA repository interfaces.
2026-05-06 07:34:05.709 | INFO  | [restartedMain] | o.s.cloud.context.scope.GenericScope.setSerializationId | BeanFactory id=e99c07ae-5169-347a-a376-7871feb0282a
2026-05-06 07:34:06.993 | INFO  | [restartedMain] | o.s.b.w.e.tomcat.TomcatWebServer.initialize | Tomcat initialized with port 8001 (http)
2026-05-06 07:34:07.019 | INFO  | [restartedMain] | o.a.coyote.http11.Http11NioProtocol.log | Initializing ProtocolHandler ["http-nio-8001"]
2026-05-06 07:34:07.021 | INFO  | [restartedMain] | o.a.catalina.core.StandardService.log | Starting service [Tomcat]
2026-05-06 07:34:07.024 | INFO  | [restartedMain] | o.a.catalina.core.StandardEngine.log | Starting Servlet engine: [Apache Tomcat/10.1.53]
2026-05-06 07:34:07.179 | INFO  | [restartedMain] | o.a.c.c.C.[Tomcat].[localhost].[/].log | Initializing Spring embedded WebApplicationContext
2026-05-06 07:34:07.179 | INFO  | [restartedMain] | o.s.b.w.s.c.ServletWebServerApplicationContext.prepareWebApplicationContext | Root WebApplicationContext: initialization completed in 3851 ms
2026-05-06 07:34:07.533 | INFO  | [restartedMain] | o.h.jpa.internal.util.LogHelper.logPersistenceUnitInformation | HHH000204: Processing PersistenceUnitInfo [name: default]
2026-05-06 07:34:07.663 | INFO  | [restartedMain] | org.hibernate.Version.logVersion | HHH000412: Hibernate ORM core version 6.6.45.Final
2026-05-06 07:34:07.738 | INFO  | [restartedMain] | o.h.c.i.RegionFactoryInitiator.initiateService | HHH000026: Second-level cache disabled
2026-05-06 07:34:09.040 | INFO  | [restartedMain] | o.s.o.j.p.SpringPersistenceUnitInfo.addTransformer | No LoadTimeWeaver setup: ignoring JPA class transformer
2026-05-06 07:34:09.107 | INFO  | [restartedMain] | com.zaxxer.hikari.HikariDataSource.getConnection | HikariPool-1 - Starting...
2026-05-06 07:34:09.745 | INFO  | [restartedMain] | com.zaxxer.hikari.pool.HikariPool.checkFailFast | HikariPool-1 - Added connection com.mysql.cj.jdbc.ConnectionImpl@5bfa51d2
2026-05-06 07:34:09.756 | INFO  | [restartedMain] | com.zaxxer.hikari.HikariDataSource.getConnection | HikariPool-1 - Start completed.
2026-05-06 07:34:09.925 | WARN  | [restartedMain] | org.hibernate.orm.deprecation.constructDialect | HHH90000025: MySQL8Dialect does not need to be specified explicitly using 'hibernate.dialect' (remove the property setting and it will be selected by default)
2026-05-06 07:34:09.925 | WARN  | [restartedMain] | org.hibernate.orm.deprecation.logSelectedDialect | HHH90000026: MySQL8Dialect has been deprecated; use org.hibernate.dialect.MySQLDialect instead
2026-05-06 07:34:10.016 | INFO  | [restartedMain] | o.hibernate.orm.connections.pooling.logConnectionInfo | HHH10001005: Database info:
	Database JDBC URL [Connecting through datasource 'HikariDataSource (HikariPool-1)']
	Database driver: undefined/unknown
	Database version: 8.0
	Autocommit mode: undefined/unknown
	Isolation level: undefined/unknown
	Minimum pool size: undefined/unknown
	Maximum pool size: undefined/unknown
2026-05-06 07:34:12.470 | INFO  | [restartedMain] | o.h.e.t.j.p.i.JtaPlatformInitiator.initiateService | HHH000489: No JTA platform available (set 'hibernate.transaction.jta.platform' to enable JTA platform integration)
2026-05-06 07:34:12.680 | INFO  | [restartedMain] | o.s.o.j.LocalContainerEntityManagerFactoryBean.buildNativeEntityManagerFactory | Initialized JPA EntityManagerFactory for persistence unit 'default'
2026-05-06 07:34:13.801 | WARN  | [restartedMain] | o.s.b.a.o.j.JpaBaseConfiguration$JpaWebConfiguration.openEntityManagerInViewInterceptor | spring.jpa.open-in-view is enabled by default. Therefore, database queries may be performed during view rendering. Explicitly configure spring.jpa.open-in-view to disable this warning
2026-05-06 07:34:14.497 | INFO  | [restartedMain] | o.s.s.c.a.a.c.InitializeAuthenticationProviderBeanManagerConfigurer$InitializeAuthenticationProviderManagerConfigurer.configure | Global AuthenticationManager configured with AuthenticationProvider bean with name authenticationProvider
2026-05-06 07:34:14.497 | WARN  | [restartedMain] | o.s.s.c.a.a.c.InitializeUserDetailsBeanManagerConfigurer$InitializeUserDetailsManagerConfigurer.configure | Global AuthenticationManager configured with an AuthenticationProvider bean. UserDetailsService beans will not be used by Spring Security for automatically configuring username/password login. Consider removing the AuthenticationProvider bean. Alternatively, consider using the UserDetailsService in a manually instantiated DaoAuthenticationProvider. If the current configuration is intentional, to turn off this warning, increase the logging level of 'org.springframework.security.config.annotation.authentication.configuration.InitializeUserDetailsBeanManagerConfigurer' to ERROR
2026-05-06 07:34:15.574 | INFO  | [restartedMain] | o.s.b.d.a.OptionalLiveReloadServer.startServer | LiveReload server is running on port 35729
2026-05-06 07:34:16.500 | INFO  | [restartedMain] | o.s.c.n.e.c.DiscoveryClientOptionalArgsConfiguration.restTemplateDiscoveryClientOptionalArgs | Eureka HTTP Client uses RestTemplate.
2026-05-06 07:34:16.600 | WARN  | [restartedMain] | o.s.c.l.c.LoadBalancerCacheAutoConfiguration$LoadBalancerCaffeineWarnLogger.afterPropertiesSet | Spring Cloud LoadBalancer is currently working with the default cache. While this cache implementation is useful for development and tests, it's recommended to use Caffeine cache in production.You can switch to using Caffeine cache, by adding it and org.springframework.cache.caffeine.CaffeineCacheManager to the classpath.
2026-05-06 07:34:16.654 | INFO  | [restartedMain] | o.s.c.n.eureka.InstanceInfoFactory.create | Setting initial instance status as: STARTING
2026-05-06 07:34:16.717 | INFO  | [restartedMain] | c.netflix.discovery.DiscoveryClient.<init> | Initializing Eureka in region us-east-1
2026-05-06 07:34:16.717 | INFO  | [restartedMain] | c.netflix.discovery.DiscoveryClient.<init> | Client configured to neither register nor query for data.
2026-05-06 07:34:16.721 | INFO  | [restartedMain] | c.netflix.discovery.DiscoveryClient.<init> | Discovery Client initialized at timestamp 1778078056721 with initial instances count: 0
2026-05-06 07:34:16.742 | INFO  | [restartedMain] | o.s.c.n.e.s.EurekaServiceRegistry.register | Registering application AUTHSERVICE with eureka with status UP
2026-05-06 07:34:16.744 | INFO  | [restartedMain] | o.a.coyote.http11.Http11NioProtocol.log | Starting ProtocolHandler ["http-nio-8001"]
2026-05-06 07:34:16.792 | INFO  | [restartedMain] | o.s.b.w.e.tomcat.TomcatWebServer.start | Tomcat started on port 8001 (http) with context path '/'
2026-05-06 07:34:16.797 | INFO  | [restartedMain] | o.s.c.n.e.s.EurekaAutoServiceRegistration.onApplicationEvent | Updating port to 8001
2026-05-06 07:34:17.257 | INFO  | [restartedMain] | c.e.a.AuthserviceApplication.logStarted | Started AuthserviceApplication in 14.964 seconds (process running for 15.785)
2026-05-06 07:36:39.457 | INFO  | [http-nio-8001-exec-2] | o.a.c.c.C.[Tomcat].[localhost].[/].log | Initializing Spring DispatcherServlet 'dispatcherServlet'
2026-05-06 07:36:39.457 | INFO  | [http-nio-8001-exec-2] | o.s.web.servlet.DispatcherServlet.initServletBean | Initializing Servlet 'dispatcherServlet'
2026-05-06 07:36:39.465 | INFO  | [http-nio-8001-exec-2] | o.s.web.servlet.DispatcherServlet.initServletBean | Completed initialization in 7 ms
2026-05-06 07:36:39.852 | INFO  | [http-nio-8001-exec-2] | c.e.authservice.auth.AuthController.signUpUser | Sign-up attempt with data: AuthRequestDto(firstName=John, lastName=Doe, email=lo@example.com, password=Test@123456)
2026-05-06 07:36:40.102 | DEBUG | [http-nio-8001-exec-2] | org.hibernate.SQL.logStatement | 
    select
        u1_0.id,
        u1_0.account_non_locked,
        u1_0.created_at,
        u1_0.email,
        u1_0.enabled,
        u1_0.first_name,
        u1_0.last_name,
        u1_0.password 
    from
        users u1_0 
    where
        upper(u1_0.email)=upper(?)
2026-05-06 07:36:41.268 | DEBUG | [http-nio-8001-exec-2] | org.hibernate.SQL.logStatement | 
    insert 
    into
        users
        (account_non_locked, created_at, email, enabled, first_name, last_name, password) 
    values
        (?, ?, ?, ?, ?, ?, ?)
2026-05-06 07:36:41.392 | DEBUG | [http-nio-8001-exec-2] | org.hibernate.SQL.logStatement | 
    insert 
    into
        user_roles
        (user_id, role) 
    values
        (?, ?)
2026-05-06 07:36:41.420 | INFO  | [http-nio-8001-exec-2] | c.e.authservice.auth.AuthController.signUpUser | Sign-up successful for email: RegisterResponse(userId=3, email=lo@example.com)
2026-05-06 07:37:02.307 | DEBUG | [http-nio-8001-exec-3] | org.hibernate.SQL.logStatement | 
    select
        u1_0.id,
        u1_0.account_non_locked,
        u1_0.created_at,
        u1_0.email,
        u1_0.enabled,
        u1_0.first_name,
        u1_0.last_name,
        u1_0.password 
    from
        users u1_0 
    where
        upper(u1_0.email)=upper(?)
2026-05-06 07:37:02.320 | DEBUG | [http-nio-8001-exec-3] | org.hibernate.SQL.logStatement | 
    select
        r1_0.user_id,
        r1_0.role 
    from
        user_roles r1_0 
    where
        r1_0.user_id=?
2026-05-06 07:37:03.307 | DEBUG | [http-nio-8001-exec-3] | org.hibernate.SQL.logStatement | 
    select
        u1_0.id,
        u1_0.account_non_locked,
        u1_0.created_at,
        u1_0.email,
        u1_0.enabled,
        u1_0.first_name,
        u1_0.last_name,
        u1_0.password 
    from
        users u1_0 
    where
        upper(u1_0.email)=upper(?)
2026-05-06 07:37:03.383 | DEBUG | [http-nio-8001-exec-3] | org.hibernate.SQL.logStatement | 
    insert 
    into
        refresh_tokens
        (created_at, expiry_date, revoked, token_hash, user_id) 
    values
        (?, ?, ?, ?, ?)
2026-05-06 07:37:03.421 | INFO  | [http-nio-8001-exec-3] | c.e.authservice.auth.AuthController.login | Login successful for email: lo@example.com
2026-05-06 07:38:38.137 | INFO  | [SpringApplicationShutdownHook] | o.s.c.n.e.s.EurekaServiceRegistry.deregister | Unregistering application AUTHSERVICE with eureka with status DOWN
2026-05-06 07:38:38.144 | INFO  | [SpringApplicationShutdownHook] | o.s.b.w.e.tomcat.GracefulShutdown.shutDownGracefully | Commencing graceful shutdown. Waiting for active requests to complete
2026-05-06 07:38:39.115 | INFO  | [tomcat-shutdown] | o.s.b.w.e.tomcat.GracefulShutdown.doShutdown | Graceful shutdown complete
2026-05-06 07:38:39.128 | INFO  | [SpringApplicationShutdownHook] | o.s.o.j.LocalContainerEntityManagerFactoryBean.destroy | Closing JPA EntityManagerFactory for persistence unit 'default'
2026-05-06 07:38:39.140 | INFO  | [SpringApplicationShutdownHook] | com.zaxxer.hikari.HikariDataSource.close | HikariPool-1 - Shutdown initiated...
2026-05-06 07:38:39.160 | INFO  | [SpringApplicationShutdownHook] | com.zaxxer.hikari.HikariDataSource.close | HikariPool-1 - Shutdown completed.
2026-05-06 07:38:39.162 | INFO  | [SpringApplicationShutdownHook] | c.netflix.discovery.DiscoveryClient.shutdown | Shutting down DiscoveryClient ...
2026-05-06 07:38:39.162 | INFO  | [SpringApplicationShutdownHook] | c.netflix.discovery.DiscoveryClient.shutdown | Completed shut down of DiscoveryClient
2026-05-06 07:38:52.079 | INFO  | [background-preinit] | o.h.validator.internal.util.Version.<clinit> | HV000001: Hibernate Validator 8.0.3.Final
2026-05-06 07:38:52.151 | INFO  | [restartedMain] | c.e.a.AuthserviceApplication.logStarting | Starting AuthserviceApplication using Java 17.0.12 with PID 22988 (C:\Users\Inam\Desktop\ecome origingit\E-commerce_microservice\authservice\target\classes started by Inam in C:\Users\Inam\Desktop\ecome origingit\E-commerce_microservice\authservice)
2026-05-06 07:38:52.152 | INFO  | [restartedMain] | c.e.a.AuthserviceApplication.logStartupProfileInfo | No active profile set, falling back to 1 default profile: "default"
2026-05-06 07:38:52.206 | INFO  | [restartedMain] | o.s.b.d.e.DevToolsPropertyDefaultsPostProcessor.log | Devtools property defaults active! Set 'spring.devtools.add-properties' to 'false' to disable
2026-05-06 07:38:52.206 | INFO  | [restartedMain] | o.s.b.d.e.DevToolsPropertyDefaultsPostProcessor.log | For additional web related logging consider setting the 'logging.level.web' property to 'DEBUG'
2026-05-06 07:38:53.777 | INFO  | [restartedMain] | o.s.d.r.c.RepositoryConfigurationDelegate.registerRepositoriesIn | Bootstrapping Spring Data JPA repositories in DEFAULT mode.
2026-05-06 07:38:54.230 | INFO  | [restartedMain] | o.s.d.r.c.RepositoryConfigurationDelegate.registerRepositoriesIn | Finished Spring Data repository scanning in 427 ms. Found 2 JPA repository interfaces.
2026-05-06 07:38:54.937 | INFO  | [restartedMain] | o.s.cloud.context.scope.GenericScope.setSerializationId | BeanFactory id=e99c07ae-5169-347a-a376-7871feb0282a
2026-05-06 07:38:56.398 | INFO  | [restartedMain] | o.s.b.w.e.tomcat.TomcatWebServer.initialize | Tomcat initialized with port 8001 (http)
2026-05-06 07:38:56.427 | INFO  | [restartedMain] | o.a.coyote.http11.Http11NioProtocol.log | Initializing ProtocolHandler ["http-nio-8001"]
2026-05-06 07:38:56.431 | INFO  | [restartedMain] | o.a.catalina.core.StandardService.log | Starting service [Tomcat]
2026-05-06 07:38:56.432 | INFO  | [restartedMain] | o.a.catalina.core.StandardEngine.log | Starting Servlet engine: [Apache Tomcat/10.1.53]
2026-05-06 07:38:56.601 | INFO  | [restartedMain] | o.a.c.c.C.[Tomcat].[localhost].[/].log | Initializing Spring embedded WebApplicationContext
2026-05-06 07:38:56.602 | INFO  | [restartedMain] | o.s.b.w.s.c.ServletWebServerApplicationContext.prepareWebApplicationContext | Root WebApplicationContext: initialization completed in 4395 ms
2026-05-06 07:38:56.933 | INFO  | [restartedMain] | o.h.jpa.internal.util.LogHelper.logPersistenceUnitInformation | HHH000204: Processing PersistenceUnitInfo [name: default]
2026-05-06 07:38:57.043 | INFO  | [restartedMain] | org.hibernate.Version.logVersion | HHH000412: Hibernate ORM core version 6.6.45.Final
2026-05-06 07:38:57.132 | INFO  | [restartedMain] | o.h.c.i.RegionFactoryInitiator.initiateService | HHH000026: Second-level cache disabled
2026-05-06 07:38:57.809 | INFO  | [restartedMain] | o.s.o.j.p.SpringPersistenceUnitInfo.addTransformer | No LoadTimeWeaver setup: ignoring JPA class transformer
2026-05-06 07:38:57.897 | INFO  | [restartedMain] | com.zaxxer.hikari.HikariDataSource.getConnection | HikariPool-1 - Starting...
2026-05-06 07:38:58.660 | INFO  | [restartedMain] | com.zaxxer.hikari.pool.HikariPool.checkFailFast | HikariPool-1 - Added connection com.mysql.cj.jdbc.ConnectionImpl@714d7bc3
2026-05-06 07:38:58.665 | INFO  | [restartedMain] | com.zaxxer.hikari.HikariDataSource.getConnection | HikariPool-1 - Start completed.
2026-05-06 07:38:58.805 | WARN  | [restartedMain] | org.hibernate.orm.deprecation.constructDialect | HHH90000025: MySQL8Dialect does not need to be specified explicitly using 'hibernate.dialect' (remove the property setting and it will be selected by default)
2026-05-06 07:38:58.808 | WARN  | [restartedMain] | org.hibernate.orm.deprecation.logSelectedDialect | HHH90000026: MySQL8Dialect has been deprecated; use org.hibernate.dialect.MySQLDialect instead
2026-05-06 07:38:58.867 | INFO  | [restartedMain] | o.hibernate.orm.connections.pooling.logConnectionInfo | HHH10001005: Database info:
	Database JDBC URL [Connecting through datasource 'HikariDataSource (HikariPool-1)']
	Database driver: undefined/unknown
	Database version: 8.0
	Autocommit mode: undefined/unknown
	Isolation level: undefined/unknown
	Minimum pool size: undefined/unknown
	Maximum pool size: undefined/unknown
2026-05-06 07:39:01.510 | INFO  | [restartedMain] | o.h.e.t.j.p.i.JtaPlatformInitiator.initiateService | HHH000489: No JTA platform available (set 'hibernate.transaction.jta.platform' to enable JTA platform integration)
2026-05-06 07:39:01.714 | INFO  | [restartedMain] | o.s.o.j.LocalContainerEntityManagerFactoryBean.buildNativeEntityManagerFactory | Initialized JPA EntityManagerFactory for persistence unit 'default'
2026-05-06 07:39:03.193 | WARN  | [restartedMain] | o.s.b.a.o.j.JpaBaseConfiguration$JpaWebConfiguration.openEntityManagerInViewInterceptor | spring.jpa.open-in-view is enabled by default. Therefore, database queries may be performed during view rendering. Explicitly configure spring.jpa.open-in-view to disable this warning
2026-05-06 07:39:03.983 | INFO  | [restartedMain] | o.s.s.c.a.a.c.InitializeAuthenticationProviderBeanManagerConfigurer$InitializeAuthenticationProviderManagerConfigurer.configure | Global AuthenticationManager configured with AuthenticationProvider bean with name authenticationProvider
2026-05-06 07:39:03.985 | WARN  | [restartedMain] | o.s.s.c.a.a.c.InitializeUserDetailsBeanManagerConfigurer$InitializeUserDetailsManagerConfigurer.configure | Global AuthenticationManager configured with an AuthenticationProvider bean. UserDetailsService beans will not be used by Spring Security for automatically configuring username/password login. Consider removing the AuthenticationProvider bean. Alternatively, consider using the UserDetailsService in a manually instantiated DaoAuthenticationProvider. If the current configuration is intentional, to turn off this warning, increase the logging level of 'org.springframework.security.config.annotation.authentication.configuration.InitializeUserDetailsBeanManagerConfigurer' to ERROR
2026-05-06 07:39:05.233 | INFO  | [restartedMain] | o.s.b.d.a.OptionalLiveReloadServer.startServer | LiveReload server is running on port 35729
2026-05-06 07:39:06.281 | INFO  | [restartedMain] | o.s.c.n.e.c.DiscoveryClientOptionalArgsConfiguration.restTemplateDiscoveryClientOptionalArgs | Eureka HTTP Client uses RestTemplate.
2026-05-06 07:39:06.409 | WARN  | [restartedMain] | o.s.c.l.c.LoadBalancerCacheAutoConfiguration$LoadBalancerCaffeineWarnLogger.afterPropertiesSet | Spring Cloud LoadBalancer is currently working with the default cache. While this cache implementation is useful for development and tests, it's recommended to use Caffeine cache in production.You can switch to using Caffeine cache, by adding it and org.springframework.cache.caffeine.CaffeineCacheManager to the classpath.
2026-05-06 07:39:06.470 | INFO  | [restartedMain] | o.s.c.n.eureka.InstanceInfoFactory.create | Setting initial instance status as: STARTING
2026-05-06 07:39:06.547 | INFO  | [restartedMain] | c.netflix.discovery.DiscoveryClient.<init> | Initializing Eureka in region us-east-1
2026-05-06 07:39:06.549 | INFO  | [restartedMain] | c.netflix.discovery.DiscoveryClient.<init> | Client configured to neither register nor query for data.
2026-05-06 07:39:06.555 | INFO  | [restartedMain] | c.netflix.discovery.DiscoveryClient.<init> | Discovery Client initialized at timestamp 1778078346553 with initial instances count: 0
2026-05-06 07:39:06.572 | INFO  | [restartedMain] | o.s.c.n.e.s.EurekaServiceRegistry.register | Registering application AUTHSERVICE with eureka with status UP
2026-05-06 07:39:06.574 | INFO  | [restartedMain] | o.a.coyote.http11.Http11NioProtocol.log | Starting ProtocolHandler ["http-nio-8001"]
2026-05-06 07:39:06.626 | INFO  | [restartedMain] | o.s.b.w.e.tomcat.TomcatWebServer.start | Tomcat started on port 8001 (http) with context path '/'
2026-05-06 07:39:06.629 | INFO  | [restartedMain] | o.s.c.n.e.s.EurekaAutoServiceRegistration.onApplicationEvent | Updating port to 8001
2026-05-06 07:39:07.081 | INFO  | [restartedMain] | c.e.a.AuthserviceApplication.logStarted | Started AuthserviceApplication in 15.921 seconds (process running for 16.728)
2026-05-06 07:39:30.030 | INFO  | [http-nio-8001-exec-1] | o.a.c.c.C.[Tomcat].[localhost].[/].log | Initializing Spring DispatcherServlet 'dispatcherServlet'
2026-05-06 07:39:30.032 | INFO  | [http-nio-8001-exec-1] | o.s.web.servlet.DispatcherServlet.initServletBean | Initializing Servlet 'dispatcherServlet'
2026-05-06 07:39:30.036 | INFO  | [http-nio-8001-exec-1] | o.s.web.servlet.DispatcherServlet.initServletBean | Completed initialization in 4 ms
2026-05-06 07:39:30.449 | INFO  | [http-nio-8001-exec-1] | c.e.authservice.auth.AuthController.signUpUser | Sign-up attempt with data: AuthRequestDto(firstName=John, lastName=Doe, email=lo@example.com, password=Test@123456)
2026-05-06 07:39:30.716 | DEBUG | [http-nio-8001-exec-1] | org.hibernate.SQL.logStatement | 
    select
        u1_0.id,
        u1_0.account_non_locked,
        u1_0.created_at,
        u1_0.email,
        u1_0.enabled,
        u1_0.first_name,
        u1_0.last_name,
        u1_0.password 
    from
        users u1_0 
    where
        upper(u1_0.email)=upper(?)
2026-05-06 07:39:30.809 | DEBUG | [http-nio-8001-exec-1] | org.hibernate.SQL.logStatement | 
    select
        r1_0.user_id,
        r1_0.role 
    from
        user_roles r1_0 
    where
        r1_0.user_id=?
2026-05-06 07:39:30.941 | WARN  | [http-nio-8001-exec-1] | o.s.w.s.m.m.a.ExceptionHandlerExceptionResolver.logException | Resolved [com.example.authservice.exception.InvalidActionException: User already exists with this email]
2026-05-06 07:41:32.004 | INFO  | [SpringApplicationShutdownHook] | o.s.c.n.e.s.EurekaServiceRegistry.deregister | Unregistering application AUTHSERVICE with eureka with status DOWN
2026-05-06 07:41:32.011 | INFO  | [SpringApplicationShutdownHook] | o.s.b.w.e.tomcat.GracefulShutdown.shutDownGracefully | Commencing graceful shutdown. Waiting for active requests to complete
2026-05-06 07:41:32.956 | INFO  | [tomcat-shutdown] | o.s.b.w.e.tomcat.GracefulShutdown.doShutdown | Graceful shutdown complete
2026-05-06 07:41:32.963 | INFO  | [SpringApplicationShutdownHook] | o.s.o.j.LocalContainerEntityManagerFactoryBean.destroy | Closing JPA EntityManagerFactory for persistence unit 'default'
2026-05-06 07:41:32.968 | INFO  | [SpringApplicationShutdownHook] | com.zaxxer.hikari.HikariDataSource.close | HikariPool-1 - Shutdown initiated...
2026-05-06 07:41:32.979 | INFO  | [SpringApplicationShutdownHook] | com.zaxxer.hikari.HikariDataSource.close | HikariPool-1 - Shutdown completed.
2026-05-06 07:41:32.980 | INFO  | [SpringApplicationShutdownHook] | c.netflix.discovery.DiscoveryClient.shutdown | Shutting down DiscoveryClient ...
2026-05-06 07:41:32.981 | INFO  | [SpringApplicationShutdownHook] | c.netflix.discovery.DiscoveryClient.shutdown | Completed shut down of DiscoveryClient
2026-05-06 07:42:19.318 | INFO  | [background-preinit] | o.h.validator.internal.util.Version.<clinit> | HV000001: Hibernate Validator 8.0.3.Final
2026-05-06 07:42:19.376 | INFO  | [restartedMain] | c.e.a.AuthserviceApplication.logStarting | Starting AuthserviceApplication using Java 17.0.12 with PID 14784 (C:\Users\Inam\Desktop\ecome origingit\E-commerce_microservice\authservice\target\classes started by Inam in C:\Users\Inam\Desktop\ecome origingit\E-commerce_microservice\authservice)
2026-05-06 07:42:19.377 | INFO  | [restartedMain] | c.e.a.AuthserviceApplication.logStartupProfileInfo | No active profile set, falling back to 1 default profile: "default"
2026-05-06 07:42:19.429 | INFO  | [restartedMain] | o.s.b.d.e.DevToolsPropertyDefaultsPostProcessor.log | Devtools property defaults active! Set 'spring.devtools.add-properties' to 'false' to disable
2026-05-06 07:42:19.429 | INFO  | [restartedMain] | o.s.b.d.e.DevToolsPropertyDefaultsPostProcessor.log | For additional web related logging consider setting the 'logging.level.web' property to 'DEBUG'
2026-05-06 07:42:20.832 | INFO  | [restartedMain] | o.s.d.r.c.RepositoryConfigurationDelegate.registerRepositoriesIn | Bootstrapping Spring Data JPA repositories in DEFAULT mode.
2026-05-06 07:42:21.273 | INFO  | [restartedMain] | o.s.d.r.c.RepositoryConfigurationDelegate.registerRepositoriesIn | Finished Spring Data repository scanning in 415 ms. Found 2 JPA repository interfaces.
2026-05-06 07:42:21.792 | INFO  | [restartedMain] | o.s.cloud.context.scope.GenericScope.setSerializationId | BeanFactory id=e99c07ae-5169-347a-a376-7871feb0282a
2026-05-06 07:42:23.166 | INFO  | [restartedMain] | o.s.b.w.e.tomcat.TomcatWebServer.initialize | Tomcat initialized with port 8001 (http)
2026-05-06 07:42:23.194 | INFO  | [restartedMain] | o.a.coyote.http11.Http11NioProtocol.log | Initializing ProtocolHandler ["http-nio-8001"]
2026-05-06 07:42:23.198 | INFO  | [restartedMain] | o.a.catalina.core.StandardService.log | Starting service [Tomcat]
2026-05-06 07:42:23.199 | INFO  | [restartedMain] | o.a.catalina.core.StandardEngine.log | Starting Servlet engine: [Apache Tomcat/10.1.53]
2026-05-06 07:42:23.367 | INFO  | [restartedMain] | o.a.c.c.C.[Tomcat].[localhost].[/].log | Initializing Spring embedded WebApplicationContext
2026-05-06 07:42:23.368 | INFO  | [restartedMain] | o.s.b.w.s.c.ServletWebServerApplicationContext.prepareWebApplicationContext | Root WebApplicationContext: initialization completed in 3937 ms
2026-05-06 07:42:23.769 | INFO  | [restartedMain] | o.h.jpa.internal.util.LogHelper.logPersistenceUnitInformation | HHH000204: Processing PersistenceUnitInfo [name: default]
2026-05-06 07:42:23.909 | INFO  | [restartedMain] | org.hibernate.Version.logVersion | HHH000412: Hibernate ORM core version 6.6.45.Final
2026-05-06 07:42:24.005 | INFO  | [restartedMain] | o.h.c.i.RegionFactoryInitiator.initiateService | HHH000026: Second-level cache disabled
2026-05-06 07:42:24.747 | INFO  | [restartedMain] | o.s.o.j.p.SpringPersistenceUnitInfo.addTransformer | No LoadTimeWeaver setup: ignoring JPA class transformer
2026-05-06 07:42:24.830 | INFO  | [restartedMain] | com.zaxxer.hikari.HikariDataSource.getConnection | HikariPool-1 - Starting...
2026-05-06 07:42:25.577 | INFO  | [restartedMain] | com.zaxxer.hikari.pool.HikariPool.checkFailFast | HikariPool-1 - Added connection com.mysql.cj.jdbc.ConnectionImpl@3e3ab7c4
2026-05-06 07:42:25.585 | INFO  | [restartedMain] | com.zaxxer.hikari.HikariDataSource.getConnection | HikariPool-1 - Start completed.
2026-05-06 07:42:25.721 | WARN  | [restartedMain] | org.hibernate.orm.deprecation.constructDialect | HHH90000025: MySQL8Dialect does not need to be specified explicitly using 'hibernate.dialect' (remove the property setting and it will be selected by default)
2026-05-06 07:42:25.725 | WARN  | [restartedMain] | org.hibernate.orm.deprecation.logSelectedDialect | HHH90000026: MySQL8Dialect has been deprecated; use org.hibernate.dialect.MySQLDialect instead
2026-05-06 07:42:25.785 | INFO  | [restartedMain] | o.hibernate.orm.connections.pooling.logConnectionInfo | HHH10001005: Database info:
	Database JDBC URL [Connecting through datasource 'HikariDataSource (HikariPool-1)']
	Database driver: undefined/unknown
	Database version: 8.0
	Autocommit mode: undefined/unknown
	Isolation level: undefined/unknown
	Minimum pool size: undefined/unknown
	Maximum pool size: undefined/unknown
2026-05-06 07:42:28.197 | INFO  | [restartedMain] | o.h.e.t.j.p.i.JtaPlatformInitiator.initiateService | HHH000489: No JTA platform available (set 'hibernate.transaction.jta.platform' to enable JTA platform integration)
2026-05-06 07:42:28.334 | DEBUG | [restartedMain] | org.hibernate.SQL.logStatement | 
    create table refresh_tokens (
        id bigint not null auto_increment,
        created_at datetime(6) not null,
        expiry_date datetime(6) not null,
        revoked bit not null,
        token_hash varchar(500) not null,
        user_id bigint,
        primary key (id)
    ) engine=InnoDB
2026-05-06 07:42:28.386 | DEBUG | [restartedMain] | org.hibernate.SQL.logStatement | 
    create table user_roles (
        user_id bigint not null,
        role enum ('ROLE_ADMIN','ROLE_USER')
    ) engine=InnoDB
2026-05-06 07:42:28.430 | DEBUG | [restartedMain] | org.hibernate.SQL.logStatement | 
    create table users (
        id bigint not null auto_increment,
        account_non_locked bit not null,
        created_at datetime(6) not null,
        email varchar(100) not null,
        enabled bit not null,
        first_name varchar(50) not null,
        last_name varchar(50) not null,
        password varchar(60) not null,
        primary key (id)
    ) engine=InnoDB
2026-05-06 07:42:28.478 | DEBUG | [restartedMain] | org.hibernate.SQL.logStatement | 
    alter table refresh_tokens 
       drop index UKo2mlirhldriil2y7krapq4frt
2026-05-06 07:42:28.533 | DEBUG | [restartedMain] | org.hibernate.SQL.logStatement | 
    alter table refresh_tokens 
       add constraint UKo2mlirhldriil2y7krapq4frt unique (token_hash)
2026-05-06 07:42:28.570 | DEBUG | [restartedMain] | org.hibernate.SQL.logStatement | 
    alter table users 
       drop index UK6dotkott2kjsp8vw4d0m25fb7
2026-05-06 07:42:28.574 | DEBUG | [restartedMain] | org.hibernate.SQL.logStatement | 
    alter table users 
       add constraint UK6dotkott2kjsp8vw4d0m25fb7 unique (email)
2026-05-06 07:42:28.606 | DEBUG | [restartedMain] | org.hibernate.SQL.logStatement | 
    alter table refresh_tokens 
       add constraint FK1lih5y2npsf8u5o3vhdb9y0os 
       foreign key (user_id) 
       references users (id)
2026-05-06 07:42:28.752 | DEBUG | [restartedMain] | org.hibernate.SQL.logStatement | 
    alter table user_roles 
       add constraint FKhfh9dx7w3ubf1co1vdev94g3f 
       foreign key (user_id) 
       references users (id)
2026-05-06 07:42:28.927 | INFO  | [restartedMain] | o.s.o.j.LocalContainerEntityManagerFactoryBean.buildNativeEntityManagerFactory | Initialized JPA EntityManagerFactory for persistence unit 'default'
2026-05-06 07:42:30.127 | WARN  | [restartedMain] | o.s.b.a.o.j.JpaBaseConfiguration$JpaWebConfiguration.openEntityManagerInViewInterceptor | spring.jpa.open-in-view is enabled by default. Therefore, database queries may be performed during view rendering. Explicitly configure spring.jpa.open-in-view to disable this warning
2026-05-06 07:42:30.884 | INFO  | [restartedMain] | o.s.s.c.a.a.c.InitializeAuthenticationProviderBeanManagerConfigurer$InitializeAuthenticationProviderManagerConfigurer.configure | Global AuthenticationManager configured with AuthenticationProvider bean with name authenticationProvider
2026-05-06 07:42:30.886 | WARN  | [restartedMain] | o.s.s.c.a.a.c.InitializeUserDetailsBeanManagerConfigurer$InitializeUserDetailsManagerConfigurer.configure | Global AuthenticationManager configured with an AuthenticationProvider bean. UserDetailsService beans will not be used by Spring Security for automatically configuring username/password login. Consider removing the AuthenticationProvider bean. Alternatively, consider using the UserDetailsService in a manually instantiated DaoAuthenticationProvider. If the current configuration is intentional, to turn off this warning, increase the logging level of 'org.springframework.security.config.annotation.authentication.configuration.InitializeUserDetailsBeanManagerConfigurer' to ERROR
2026-05-06 07:42:32.001 | INFO  | [restartedMain] | o.s.b.d.a.OptionalLiveReloadServer.startServer | LiveReload server is running on port 35729
2026-05-06 07:42:33.020 | INFO  | [restartedMain] | o.s.c.n.e.c.DiscoveryClientOptionalArgsConfiguration.restTemplateDiscoveryClientOptionalArgs | Eureka HTTP Client uses RestTemplate.
2026-05-06 07:42:33.131 | WARN  | [restartedMain] | o.s.c.l.c.LoadBalancerCacheAutoConfiguration$LoadBalancerCaffeineWarnLogger.afterPropertiesSet | Spring Cloud LoadBalancer is currently working with the default cache. While this cache implementation is useful for development and tests, it's recommended to use Caffeine cache in production.You can switch to using Caffeine cache, by adding it and org.springframework.cache.caffeine.CaffeineCacheManager to the classpath.
2026-05-06 07:42:33.194 | INFO  | [restartedMain] | o.s.c.n.eureka.InstanceInfoFactory.create | Setting initial instance status as: STARTING
2026-05-06 07:42:33.268 | INFO  | [restartedMain] | c.netflix.discovery.DiscoveryClient.<init> | Initializing Eureka in region us-east-1
2026-05-06 07:42:33.269 | INFO  | [restartedMain] | c.netflix.discovery.DiscoveryClient.<init> | Client configured to neither register nor query for data.
2026-05-06 07:42:33.279 | INFO  | [restartedMain] | c.netflix.discovery.DiscoveryClient.<init> | Discovery Client initialized at timestamp 1778078553276 with initial instances count: 0
2026-05-06 07:42:33.295 | INFO  | [restartedMain] | o.s.c.n.e.s.EurekaServiceRegistry.register | Registering application AUTHSERVICE with eureka with status UP
2026-05-06 07:42:33.298 | INFO  | [restartedMain] | o.a.coyote.http11.Http11NioProtocol.log | Starting ProtocolHandler ["http-nio-8001"]
2026-05-06 07:42:33.351 | INFO  | [restartedMain] | o.s.b.w.e.tomcat.TomcatWebServer.start | Tomcat started on port 8001 (http) with context path '/'
2026-05-06 07:42:33.354 | INFO  | [restartedMain] | o.s.c.n.e.s.EurekaAutoServiceRegistration.onApplicationEvent | Updating port to 8001
2026-05-06 07:42:33.798 | INFO  | [restartedMain] | c.e.a.AuthserviceApplication.logStarted | Started AuthserviceApplication in 15.375 seconds (process running for 16.2)
2026-05-06 07:42:48.765 | INFO  | [http-nio-8001-exec-2] | o.a.c.c.C.[Tomcat].[localhost].[/].log | Initializing Spring DispatcherServlet 'dispatcherServlet'
2026-05-06 07:42:48.765 | INFO  | [http-nio-8001-exec-2] | o.s.web.servlet.DispatcherServlet.initServletBean | Initializing Servlet 'dispatcherServlet'
2026-05-06 07:42:48.765 | INFO  | [http-nio-8001-exec-2] | o.s.web.servlet.DispatcherServlet.initServletBean | Completed initialization in 0 ms
2026-05-06 07:42:49.207 | INFO  | [http-nio-8001-exec-2] | c.e.authservice.auth.AuthController.signUpUser | Sign-up attempt with data: AuthRequestDto(firstName=John, lastName=Doe, email=lo@example.com, password=Test@123456)
2026-05-06 07:42:49.550 | DEBUG | [http-nio-8001-exec-2] | org.hibernate.SQL.logStatement | 
    select
        u1_0.id,
        u1_0.account_non_locked,
        u1_0.created_at,
        u1_0.email,
        u1_0.enabled,
        u1_0.first_name,
        u1_0.last_name,
        u1_0.password 
    from
        users u1_0 
    where
        upper(u1_0.email)=upper(?)
2026-05-06 07:42:51.541 | DEBUG | [http-nio-8001-exec-2] | org.hibernate.SQL.logStatement | 
    insert 
    into
        users
        (account_non_locked, created_at, email, enabled, first_name, last_name, password) 
    values
        (?, ?, ?, ?, ?, ?, ?)
2026-05-06 07:42:51.733 | DEBUG | [http-nio-8001-exec-2] | org.hibernate.SQL.logStatement | 
    insert 
    into
        user_roles
        (user_id, role) 
    values
        (?, ?)
2026-05-06 07:42:51.755 | INFO  | [http-nio-8001-exec-2] | c.e.authservice.auth.AuthController.signUpUser | Sign-up successful for email: RegisterResponse(userId=1, email=lo@example.com)
2026-05-06 07:42:59.145 | DEBUG | [http-nio-8001-exec-3] | org.hibernate.SQL.logStatement | 
    select
        u1_0.id,
        u1_0.account_non_locked,
        u1_0.created_at,
        u1_0.email,
        u1_0.enabled,
        u1_0.first_name,
        u1_0.last_name,
        u1_0.password 
    from
        users u1_0 
    where
        upper(u1_0.email)=upper(?)
2026-05-06 07:42:59.178 | DEBUG | [http-nio-8001-exec-3] | org.hibernate.SQL.logStatement | 
    select
        r1_0.user_id,
        r1_0.role 
    from
        user_roles r1_0 
    where
        r1_0.user_id=?
2026-05-06 07:43:00.642 | DEBUG | [http-nio-8001-exec-3] | org.hibernate.SQL.logStatement | 
    select
        u1_0.id,
        u1_0.account_non_locked,
        u1_0.created_at,
        u1_0.email,
        u1_0.enabled,
        u1_0.first_name,
        u1_0.last_name,
        u1_0.password 
    from
        users u1_0 
    where
        upper(u1_0.email)=upper(?)
2026-05-06 07:43:00.750 | DEBUG | [http-nio-8001-exec-3] | org.hibernate.SQL.logStatement | 
    insert 
    into
        refresh_tokens
        (created_at, expiry_date, revoked, token_hash, user_id) 
    values
        (?, ?, ?, ?, ?)
2026-05-06 07:43:00.777 | INFO  | [http-nio-8001-exec-3] | c.e.authservice.auth.AuthController.login | Login successful for email: lo@example.com
2026-05-06 07:43:57.210 | INFO  | [SpringApplicationShutdownHook] | o.s.c.n.e.s.EurekaServiceRegistry.deregister | Unregistering application AUTHSERVICE with eureka with status DOWN
2026-05-06 07:43:57.218 | INFO  | [SpringApplicationShutdownHook] | o.s.b.w.e.tomcat.GracefulShutdown.shutDownGracefully | Commencing graceful shutdown. Waiting for active requests to complete
2026-05-06 07:43:58.296 | INFO  | [tomcat-shutdown] | o.s.b.w.e.tomcat.GracefulShutdown.doShutdown | Graceful shutdown complete
2026-05-06 07:43:58.314 | INFO  | [SpringApplicationShutdownHook] | o.s.o.j.LocalContainerEntityManagerFactoryBean.destroy | Closing JPA EntityManagerFactory for persistence unit 'default'
2026-05-06 07:43:58.326 | INFO  | [SpringApplicationShutdownHook] | com.zaxxer.hikari.HikariDataSource.close | HikariPool-1 - Shutdown initiated...
2026-05-06 07:43:58.352 | INFO  | [SpringApplicationShutdownHook] | com.zaxxer.hikari.HikariDataSource.close | HikariPool-1 - Shutdown completed.
2026-05-06 07:43:58.354 | INFO  | [SpringApplicationShutdownHook] | c.netflix.discovery.DiscoveryClient.shutdown | Shutting down DiscoveryClient ...
2026-05-06 07:43:58.355 | INFO  | [SpringApplicationShutdownHook] | c.netflix.discovery.DiscoveryClient.shutdown | Completed shut down of DiscoveryClient
2026-05-06 07:44:30.579 | INFO  | [background-preinit] | o.h.validator.internal.util.Version.<clinit> | HV000001: Hibernate Validator 8.0.3.Final
2026-05-06 07:44:30.638 | INFO  | [restartedMain] | c.e.a.AuthserviceApplication.logStarting | Starting AuthserviceApplication using Java 17.0.12 with PID 16312 (C:\Users\Inam\Desktop\ecome origingit\E-commerce_microservice\authservice\target\classes started by Inam in C:\Users\Inam\Desktop\ecome origingit\E-commerce_microservice\authservice)
2026-05-06 07:44:30.639 | INFO  | [restartedMain] | c.e.a.AuthserviceApplication.logStartupProfileInfo | No active profile set, falling back to 1 default profile: "default"
2026-05-06 07:44:30.689 | INFO  | [restartedMain] | o.s.b.d.e.DevToolsPropertyDefaultsPostProcessor.log | Devtools property defaults active! Set 'spring.devtools.add-properties' to 'false' to disable
2026-05-06 07:44:30.690 | INFO  | [restartedMain] | o.s.b.d.e.DevToolsPropertyDefaultsPostProcessor.log | For additional web related logging consider setting the 'logging.level.web' property to 'DEBUG'
2026-05-06 07:44:32.060 | INFO  | [restartedMain] | o.s.d.r.c.RepositoryConfigurationDelegate.registerRepositoriesIn | Bootstrapping Spring Data JPA repositories in DEFAULT mode.
2026-05-06 07:44:32.548 | INFO  | [restartedMain] | o.s.d.r.c.RepositoryConfigurationDelegate.registerRepositoriesIn | Finished Spring Data repository scanning in 464 ms. Found 2 JPA repository interfaces.
2026-05-06 07:44:33.422 | INFO  | [restartedMain] | o.s.cloud.context.scope.GenericScope.setSerializationId | BeanFactory id=e99c07ae-5169-347a-a376-7871feb0282a
2026-05-06 07:44:35.081 | INFO  | [restartedMain] | o.s.b.w.e.tomcat.TomcatWebServer.initialize | Tomcat initialized with port 8001 (http)
2026-05-06 07:44:35.097 | INFO  | [restartedMain] | o.a.coyote.http11.Http11NioProtocol.log | Initializing ProtocolHandler ["http-nio-8001"]
2026-05-06 07:44:35.099 | INFO  | [restartedMain] | o.a.catalina.core.StandardService.log | Starting service [Tomcat]
2026-05-06 07:44:35.102 | INFO  | [restartedMain] | o.a.catalina.core.StandardEngine.log | Starting Servlet engine: [Apache Tomcat/10.1.53]
2026-05-06 07:44:35.191 | INFO  | [restartedMain] | o.a.c.c.C.[Tomcat].[localhost].[/].log | Initializing Spring embedded WebApplicationContext
2026-05-06 07:44:35.191 | INFO  | [restartedMain] | o.s.b.w.s.c.ServletWebServerApplicationContext.prepareWebApplicationContext | Root WebApplicationContext: initialization completed in 4500 ms
2026-05-06 07:44:35.546 | INFO  | [restartedMain] | o.h.jpa.internal.util.LogHelper.logPersistenceUnitInformation | HHH000204: Processing PersistenceUnitInfo [name: default]
2026-05-06 07:44:35.676 | INFO  | [restartedMain] | org.hibernate.Version.logVersion | HHH000412: Hibernate ORM core version 6.6.45.Final
2026-05-06 07:44:35.765 | INFO  | [restartedMain] | o.h.c.i.RegionFactoryInitiator.initiateService | HHH000026: Second-level cache disabled
2026-05-06 07:44:36.851 | INFO  | [restartedMain] | o.s.o.j.p.SpringPersistenceUnitInfo.addTransformer | No LoadTimeWeaver setup: ignoring JPA class transformer
2026-05-06 07:44:37.005 | INFO  | [restartedMain] | com.zaxxer.hikari.HikariDataSource.getConnection | HikariPool-1 - Starting...
2026-05-06 07:44:37.740 | INFO  | [restartedMain] | com.zaxxer.hikari.pool.HikariPool.checkFailFast | HikariPool-1 - Added connection com.mysql.cj.jdbc.ConnectionImpl@7209f34
2026-05-06 07:44:37.751 | INFO  | [restartedMain] | com.zaxxer.hikari.HikariDataSource.getConnection | HikariPool-1 - Start completed.
2026-05-06 07:44:38.519 | WARN  | [restartedMain] | org.hibernate.orm.deprecation.constructDialect | HHH90000025: MySQL8Dialect does not need to be specified explicitly using 'hibernate.dialect' (remove the property setting and it will be selected by default)
2026-05-06 07:44:38.522 | WARN  | [restartedMain] | org.hibernate.orm.deprecation.logSelectedDialect | HHH90000026: MySQL8Dialect has been deprecated; use org.hibernate.dialect.MySQLDialect instead
2026-05-06 07:44:38.636 | INFO  | [restartedMain] | o.hibernate.orm.connections.pooling.logConnectionInfo | HHH10001005: Database info:
	Database JDBC URL [Connecting through datasource 'HikariDataSource (HikariPool-1)']
	Database driver: undefined/unknown
	Database version: 8.0
	Autocommit mode: undefined/unknown
	Isolation level: undefined/unknown
	Minimum pool size: undefined/unknown
	Maximum pool size: undefined/unknown
2026-05-06 07:44:41.234 | INFO  | [restartedMain] | o.h.e.t.j.p.i.JtaPlatformInitiator.initiateService | HHH000489: No JTA platform available (set 'hibernate.transaction.jta.platform' to enable JTA platform integration)
2026-05-06 07:44:41.468 | INFO  | [restartedMain] | o.s.o.j.LocalContainerEntityManagerFactoryBean.buildNativeEntityManagerFactory | Initialized JPA EntityManagerFactory for persistence unit 'default'
2026-05-06 07:44:43.093 | WARN  | [restartedMain] | o.s.b.a.o.j.JpaBaseConfiguration$JpaWebConfiguration.openEntityManagerInViewInterceptor | spring.jpa.open-in-view is enabled by default. Therefore, database queries may be performed during view rendering. Explicitly configure spring.jpa.open-in-view to disable this warning
2026-05-06 07:44:44.114 | INFO  | [restartedMain] | o.s.s.c.a.a.c.InitializeAuthenticationProviderBeanManagerConfigurer$InitializeAuthenticationProviderManagerConfigurer.configure | Global AuthenticationManager configured with AuthenticationProvider bean with name authenticationProvider
2026-05-06 07:44:44.116 | WARN  | [restartedMain] | o.s.s.c.a.a.c.InitializeUserDetailsBeanManagerConfigurer$InitializeUserDetailsManagerConfigurer.configure | Global AuthenticationManager configured with an AuthenticationProvider bean. UserDetailsService beans will not be used by Spring Security for automatically configuring username/password login. Consider removing the AuthenticationProvider bean. Alternatively, consider using the UserDetailsService in a manually instantiated DaoAuthenticationProvider. If the current configuration is intentional, to turn off this warning, increase the logging level of 'org.springframework.security.config.annotation.authentication.configuration.InitializeUserDetailsBeanManagerConfigurer' to ERROR
2026-05-06 07:44:45.734 | INFO  | [restartedMain] | o.s.b.d.a.OptionalLiveReloadServer.startServer | LiveReload server is running on port 35729
2026-05-06 07:44:46.865 | INFO  | [restartedMain] | o.s.c.n.e.c.DiscoveryClientOptionalArgsConfiguration.restTemplateDiscoveryClientOptionalArgs | Eureka HTTP Client uses RestTemplate.
2026-05-06 07:44:47.010 | WARN  | [restartedMain] | o.s.c.l.c.LoadBalancerCacheAutoConfiguration$LoadBalancerCaffeineWarnLogger.afterPropertiesSet | Spring Cloud LoadBalancer is currently working with the default cache. While this cache implementation is useful for development and tests, it's recommended to use Caffeine cache in production.You can switch to using Caffeine cache, by adding it and org.springframework.cache.caffeine.CaffeineCacheManager to the classpath.
2026-05-06 07:44:47.088 | INFO  | [restartedMain] | o.s.c.n.eureka.InstanceInfoFactory.create | Setting initial instance status as: STARTING
2026-05-06 07:44:47.169 | INFO  | [restartedMain] | c.netflix.discovery.DiscoveryClient.<init> | Initializing Eureka in region us-east-1
2026-05-06 07:44:47.182 | INFO  | [restartedMain] | c.n.d.s.r.aws.ConfigClusterResolver.getClusterEndpoints | Resolving eureka endpoints via configuration
2026-05-06 07:44:47.213 | INFO  | [restartedMain] | c.netflix.discovery.DiscoveryClient.fetchRegistry | Disable delta property : false
2026-05-06 07:44:47.213 | INFO  | [restartedMain] | c.netflix.discovery.DiscoveryClient.fetchRegistry | Single vip registry refresh property : null
2026-05-06 07:44:47.214 | INFO  | [restartedMain] | c.netflix.discovery.DiscoveryClient.fetchRegistry | Force full registry fetch : false
2026-05-06 07:44:47.214 | INFO  | [restartedMain] | c.netflix.discovery.DiscoveryClient.fetchRegistry | Application is null : false
2026-05-06 07:44:47.215 | INFO  | [restartedMain] | c.netflix.discovery.DiscoveryClient.fetchRegistry | Registered Applications size is zero : true
2026-05-06 07:44:47.216 | INFO  | [restartedMain] | c.netflix.discovery.DiscoveryClient.fetchRegistry | Application version is -1: true
2026-05-06 07:44:47.216 | INFO  | [restartedMain] | c.netflix.discovery.DiscoveryClient.getAndStoreFullRegistry | Getting all instance registry info from the eureka server
2026-05-06 07:44:48.351 | INFO  | [restartedMain] | c.n.d.s.t.d.RedirectingEurekaHttpClient.execute | Request execution error. endpoint=DefaultEndpoint{ serviceUrl='http://localhost:7000/eureka/}, exception=I/O error on GET request for "http://localhost:7000/eureka/apps/": Connect to http://localhost:7000 failed: Connection refused: no further information
org.springframework.web.client.ResourceAccessException: I/O error on GET request for "http://localhost:7000/eureka/apps/": Connect to http://localhost:7000 failed: Connection refused: no further information
	at org.springframework.web.client.RestTemplate.createResourceAccessException(RestTemplate.java:926)
	at org.springframework.web.client.RestTemplate.doExecute(RestTemplate.java:906)
	at org.springframework.web.client.RestTemplate.execute(RestTemplate.java:841)
	at org.springframework.web.client.RestTemplate.exchange(RestTemplate.java:702)
	at org.springframework.cloud.netflix.eureka.http.RestTemplateEurekaHttpClient.getApplicationsInternal(RestTemplateEurekaHttpClient.java:174)
	at org.springframework.cloud.netflix.eureka.http.RestTemplateEurekaHttpClient.getApplications(RestTemplateEurekaHttpClient.java:162)
	at com.netflix.discovery.shared.transport.decorator.EurekaHttpClientDecorator$6.execute(EurekaHttpClientDecorator.java:137)
	at com.netflix.discovery.shared.transport.decorator.RedirectingEurekaHttpClient.executeOnNewServer(RedirectingEurekaHttpClient.java:120)
	at com.netflix.discovery.shared.transport.decorator.RedirectingEurekaHttpClient.execute(RedirectingEurekaHttpClient.java:79)
	at com.netflix.discovery.shared.transport.decorator.EurekaHttpClientDecorator.getApplications(EurekaHttpClientDecorator.java:134)
	at com.netflix.discovery.shared.transport.decorator.EurekaHttpClientDecorator$6.execute(EurekaHttpClientDecorator.java:137)
	at com.netflix.discovery.shared.transport.decorator.RetryableEurekaHttpClient.execute(RetryableEurekaHttpClient.java:120)
	at com.netflix.discovery.shared.transport.decorator.EurekaHttpClientDecorator.getApplications(EurekaHttpClientDecorator.java:134)
	at com.netflix.discovery.shared.transport.decorator.EurekaHttpClientDecorator$6.execute(EurekaHttpClientDecorator.java:137)
	at com.netflix.discovery.shared.transport.decorator.SessionedEurekaHttpClient.execute(SessionedEurekaHttpClient.java:76)
	at com.netflix.discovery.shared.transport.decorator.EurekaHttpClientDecorator.getApplications(EurekaHttpClientDecorator.java:134)
	at com.netflix.discovery.DiscoveryClient.getAndStoreFullRegistry(DiscoveryClient.java:1061)
	at com.netflix.discovery.DiscoveryClient.fetchRegistry(DiscoveryClient.java:976)
	at com.netflix.discovery.DiscoveryClient.<init>(DiscoveryClient.java:419)
	at com.netflix.discovery.DiscoveryClient.<init>(DiscoveryClient.java:254)
	at com.netflix.discovery.DiscoveryClient.<init>(DiscoveryClient.java:249)
	at org.springframework.cloud.netflix.eureka.CloudEurekaClient.<init>(CloudEurekaClient.java:68)
	at org.springframework.cloud.netflix.eureka.EurekaClientAutoConfiguration$RefreshableEurekaClientConfiguration.eurekaClient(EurekaClientAutoConfiguration.java:324)
	at java.base/jdk.internal.reflect.NativeMethodAccessorImpl.invoke0(Native Method)
	at java.base/jdk.internal.reflect.NativeMethodAccessorImpl.invoke(NativeMethodAccessorImpl.java:77)
	at java.base/jdk.internal.reflect.DelegatingMethodAccessorImpl.invoke(DelegatingMethodAccessorImpl.java:43)
	at java.base/java.lang.reflect.Method.invoke(Method.java:568)
	at org.springframework.beans.factory.support.SimpleInstantiationStrategy.lambda$instantiate$0(SimpleInstantiationStrategy.java:172)
	at org.springframework.beans.factory.support.SimpleInstantiationStrategy.instantiateWithFactoryMethod(SimpleInstantiationStrategy.java:89)
	at org.springframework.beans.factory.support.SimpleInstantiationStrategy.instantiate(SimpleInstantiationStrategy.java:169)
	at org.springframework.beans.factory.support.ConstructorResolver.instantiate(ConstructorResolver.java:653)
	at org.springframework.beans.factory.support.ConstructorResolver.instantiateUsingFactoryMethod(ConstructorResolver.java:645)
	at org.springframework.beans.factory.support.AbstractAutowireCapableBeanFactory.instantiateUsingFactoryMethod(AbstractAutowireCapableBeanFactory.java:1375)
	at org.springframework.beans.factory.support.AbstractAutowireCapableBeanFactory.createBeanInstance(AbstractAutowireCapableBeanFactory.java:1205)
	at org.springframework.beans.factory.support.AbstractAutowireCapableBeanFactory.doCreateBean(AbstractAutowireCapableBeanFactory.java:569)
	at org.springframework.beans.factory.support.AbstractAutowireCapableBeanFactory.createBean(AbstractAutowireCapableBeanFactory.java:529)
	at org.springframework.beans.factory.support.AbstractBeanFactory.lambda$doGetBean$1(AbstractBeanFactory.java:378)
	at org.springframework.cloud.context.scope.GenericScope$BeanLifecycleWrapper.getBean(GenericScope.java:373)
	at org.springframework.cloud.context.scope.GenericScope.get(GenericScope.java:177)
	at org.springframework.beans.factory.support.AbstractBeanFactory.doGetBean(AbstractBeanFactory.java:375)
	at org.springframework.beans.factory.support.AbstractBeanFactory.getBean(AbstractBeanFactory.java:202)
	at org.springframework.aop.target.SimpleBeanTargetSource.getTarget(SimpleBeanTargetSource.java:35)
	at org.springframework.cloud.netflix.eureka.serviceregistry.EurekaRegistration.getTargetObject(EurekaRegistration.java:128)
	at org.springframework.cloud.netflix.eureka.serviceregistry.EurekaRegistration.getEurekaClient(EurekaRegistration.java:116)
	at java.base/jdk.internal.reflect.NativeMethodAccessorImpl.invoke0(Native Method)
	at java.base/jdk.internal.reflect.NativeMethodAccessorImpl.invoke(NativeMethodAccessorImpl.java:77)
	at java.base/jdk.internal.reflect.DelegatingMethodAccessorImpl.invoke(DelegatingMethodAccessorImpl.java:43)
	at java.base/java.lang.reflect.Method.invoke(Method.java:568)
	at org.springframework.util.ReflectionUtils.invokeMethod(ReflectionUtils.java:281)
	at org.springframework.cloud.context.scope.GenericScope$LockedScopedProxyFactoryBean.invoke(GenericScope.java:480)
	at org.springframework.aop.framework.ReflectiveMethodInvocation.proceed(ReflectiveMethodInvocation.java:184)
	at org.springframework.aop.framework.CglibAopProxy$DynamicAdvisedInterceptor.intercept(CglibAopProxy.java:728)
	at org.springframework.cloud.netflix.eureka.serviceregistry.EurekaRegistration$$SpringCGLIB$$0.getEurekaClient(<generated>)
	at org.springframework.cloud.netflix.eureka.serviceregistry.EurekaServiceRegistry.maybeInitializeClient(EurekaServiceRegistry.java:83)
	at org.springframework.cloud.netflix.eureka.serviceregistry.EurekaServiceRegistry.register(EurekaServiceRegistry.java:66)
	at org.springframework.cloud.netflix.eureka.serviceregistry.EurekaAutoServiceRegistration.start(EurekaAutoServiceRegistration.java:89)
	at org.springframework.context.support.DefaultLifecycleProcessor.doStart(DefaultLifecycleProcessor.java:405)
	at org.springframework.context.support.DefaultLifecycleProcessor.doStart(DefaultLifecycleProcessor.java:394)
	at org.springframework.context.support.DefaultLifecycleProcessor$LifecycleGroup.start(DefaultLifecycleProcessor.java:586)
	at java.base/java.lang.Iterable.forEach(Iterable.java:75)
	at org.springframework.context.support.DefaultLifecycleProcessor.startBeans(DefaultLifecycleProcessor.java:364)
	at org.springframework.context.support.DefaultLifecycleProcessor.onRefresh(DefaultLifecycleProcessor.java:310)
	at org.springframework.context.support.AbstractApplicationContext.finishRefresh(AbstractApplicationContext.java:1010)
	at org.springframework.context.support.AbstractApplicationContext.refresh(AbstractApplicationContext.java:631)
	at org.springframework.boot.web.servlet.context.ServletWebServerApplicationContext.refresh(ServletWebServerApplicationContext.java:146)
	at org.springframework.boot.SpringApplication.refresh(SpringApplication.java:752)
	at org.springframework.boot.SpringApplication.refreshContext(SpringApplication.java:439)
	at org.springframework.boot.SpringApplication.run(SpringApplication.java:318)
	at org.springframework.boot.SpringApplication.run(SpringApplication.java:1361)
	at org.springframework.boot.SpringApplication.run(SpringApplication.java:1350)
	at com.example.authservice.AuthserviceApplication.main(AuthserviceApplication.java:10)
	at java.base/jdk.internal.reflect.NativeMethodAccessorImpl.invoke0(Native Method)
	at java.base/jdk.internal.reflect.NativeMethodAccessorImpl.invoke(NativeMethodAccessorImpl.java:77)
	at java.base/jdk.internal.reflect.DelegatingMethodAccessorImpl.invoke(DelegatingMethodAccessorImpl.java:43)
	at java.base/java.lang.reflect.Method.invoke(Method.java:568)
	at org.springframework.boot.devtools.restart.RestartLauncher.run(RestartLauncher.java:50)
Caused by: org.apache.hc.client5.http.HttpHostConnectException: Connect to http://localhost:7000 failed: Connection refused: no further information
	at java.base/sun.nio.ch.Net.pollConnect(Native Method)
	at java.base/sun.nio.ch.Net.pollConnectNow(Net.java:672)
	at java.base/sun.nio.ch.NioSocketImpl.timedFinishConnect(NioSocketImpl.java:547)
	at java.base/sun.nio.ch.NioSocketImpl.connect(NioSocketImpl.java:602)
	at java.base/java.net.SocksSocketImpl.connect(SocksSocketImpl.java:327)
	at java.base/java.net.Socket.connect(Socket.java:633)
	at org.apache.hc.client5.http.impl.io.DefaultHttpClientConnectionOperator.connect(DefaultHttpClientConnectionOperator.java:226)
	at org.apache.hc.client5.http.impl.io.PoolingHttpClientConnectionManager.connect(PoolingHttpClientConnectionManager.java:497)
	at org.apache.hc.client5.http.impl.classic.InternalExecRuntime.connectEndpoint(InternalExecRuntime.java:164)
	at org.apache.hc.client5.http.impl.classic.InternalExecRuntime.connectEndpoint(InternalExecRuntime.java:174)
	at org.apache.hc.client5.http.impl.classic.ConnectExec.execute(ConnectExec.java:144)
	at org.apache.hc.client5.http.impl.classic.ExecChainElement.execute(ExecChainElement.java:51)
	at org.apache.hc.client5.http.impl.classic.ProtocolExec.execute(ProtocolExec.java:195)
	at org.apache.hc.client5.http.impl.classic.ExecChainElement.execute(ExecChainElement.java:51)
	at org.apache.hc.client5.http.impl.classic.ContentCompressionExec.execute(ContentCompressionExec.java:168)
	at org.apache.hc.client5.http.impl.classic.ExecChainElement.execute(ExecChainElement.java:51)
	at org.apache.hc.client5.http.impl.classic.HttpRequestRetryExec.execute(HttpRequestRetryExec.java:112)
	at org.apache.hc.client5.http.impl.classic.ExecChainElement.execute(ExecChainElement.java:51)
	at org.apache.hc.client5.http.impl.classic.RedirectExec.execute(RedirectExec.java:110)
	at org.apache.hc.client5.http.impl.classic.ExecChainElement.execute(ExecChainElement.java:51)
	at org.apache.hc.client5.http.impl.classic.InternalHttpClient.doExecute(InternalHttpClient.java:185)
	at org.apache.hc.client5.http.impl.classic.CloseableHttpClient.execute(CloseableHttpClient.java:87)
	at org.apache.hc.client5.http.impl.classic.CloseableHttpClient.execute(CloseableHttpClient.java:55)
	at org.apache.hc.client5.http.classic.HttpClient.executeOpen(HttpClient.java:183)
	at org.springframework.http.client.HttpComponentsClientHttpRequest.executeInternal(HttpComponentsClientHttpRequest.java:99)
	at org.springframework.http.client.AbstractStreamingClientHttpRequest.executeInternal(AbstractStreamingClientHttpRequest.java:88)
	at org.springframework.http.client.AbstractClientHttpRequest.execute(AbstractClientHttpRequest.java:81)
	at org.springframework.http.client.InterceptingClientHttpRequest$InterceptingRequestExecution.execute(InterceptingClientHttpRequest.java:117)
	at org.springframework.cloud.netflix.eureka.http.RestTemplateTransportClientFactory.lambda$restTemplate$2(RestTemplateTransportClientFactory.java:145)
	at org.springframework.http.client.InterceptingClientHttpRequest$InterceptingRequestExecution.execute(InterceptingClientHttpRequest.java:88)
	at org.springframework.http.client.InterceptingClientHttpRequest.executeInternal(InterceptingClientHttpRequest.java:72)
	at org.springframework.http.client.AbstractBufferingClientHttpRequest.executeInternal(AbstractBufferingClientHttpRequest.java:48)
	at org.springframework.http.client.AbstractClientHttpRequest.execute(AbstractClientHttpRequest.java:81)
	at org.springframework.web.client.RestTemplate.doExecute(RestTemplate.java:900)
	... 74 common frames omitted
2026-05-06 07:44:48.355 | WARN  | [restartedMain] | c.n.d.s.t.d.RetryableEurekaHttpClient.execute | Request execution failed with message: I/O error on GET request for "http://localhost:7000/eureka/apps/": Connect to http://localhost:7000 failed: Connection refused: no further information
2026-05-06 07:44:48.355 | INFO  | [restartedMain] | c.netflix.discovery.DiscoveryClient.fetchRegistry | DiscoveryClient_AUTHSERVICE/DESKTOP-A2NNC5Q:authservice:8001 - was unable to refresh its cache! This periodic background refresh will be retried in 30 seconds. status = Cannot execute request on any known server
com.netflix.discovery.shared.transport.TransportException: Cannot execute request on any known server
	at com.netflix.discovery.shared.transport.decorator.RetryableEurekaHttpClient.execute(RetryableEurekaHttpClient.java:112)
	at com.netflix.discovery.shared.transport.decorator.EurekaHttpClientDecorator.getApplications(EurekaHttpClientDecorator.java:134)
	at com.netflix.discovery.shared.transport.decorator.EurekaHttpClientDecorator$6.execute(EurekaHttpClientDecorator.java:137)
	at com.netflix.discovery.shared.transport.decorator.SessionedEurekaHttpClient.execute(SessionedEurekaHttpClient.java:76)
	at com.netflix.discovery.shared.transport.decorator.EurekaHttpClientDecorator.getApplications(EurekaHttpClientDecorator.java:134)
	at com.netflix.discovery.DiscoveryClient.getAndStoreFullRegistry(DiscoveryClient.java:1061)
	at com.netflix.discovery.DiscoveryClient.fetchRegistry(DiscoveryClient.java:976)
	at com.netflix.discovery.DiscoveryClient.<init>(DiscoveryClient.java:419)
	at com.netflix.discovery.DiscoveryClient.<init>(DiscoveryClient.java:254)
	at com.netflix.discovery.DiscoveryClient.<init>(DiscoveryClient.java:249)
	at org.springframework.cloud.netflix.eureka.CloudEurekaClient.<init>(CloudEurekaClient.java:68)
	at org.springframework.cloud.netflix.eureka.EurekaClientAutoConfiguration$RefreshableEurekaClientConfiguration.eurekaClient(EurekaClientAutoConfiguration.java:324)
	at java.base/jdk.internal.reflect.NativeMethodAccessorImpl.invoke0(Native Method)
	at java.base/jdk.internal.reflect.NativeMethodAccessorImpl.invoke(NativeMethodAccessorImpl.java:77)
	at java.base/jdk.internal.reflect.DelegatingMethodAccessorImpl.invoke(DelegatingMethodAccessorImpl.java:43)
	at java.base/java.lang.reflect.Method.invoke(Method.java:568)
	at org.springframework.beans.factory.support.SimpleInstantiationStrategy.lambda$instantiate$0(SimpleInstantiationStrategy.java:172)
	at org.springframework.beans.factory.support.SimpleInstantiationStrategy.instantiateWithFactoryMethod(SimpleInstantiationStrategy.java:89)
	at org.springframework.beans.factory.support.SimpleInstantiationStrategy.instantiate(SimpleInstantiationStrategy.java:169)
	at org.springframework.beans.factory.support.ConstructorResolver.instantiate(ConstructorResolver.java:653)
	at org.springframework.beans.factory.support.ConstructorResolver.instantiateUsingFactoryMethod(ConstructorResolver.java:645)
	at org.springframework.beans.factory.support.AbstractAutowireCapableBeanFactory.instantiateUsingFactoryMethod(AbstractAutowireCapableBeanFactory.java:1375)
	at org.springframework.beans.factory.support.AbstractAutowireCapableBeanFactory.createBeanInstance(AbstractAutowireCapableBeanFactory.java:1205)
	at org.springframework.beans.factory.support.AbstractAutowireCapableBeanFactory.doCreateBean(AbstractAutowireCapableBeanFactory.java:569)
	at org.springframework.beans.factory.support.AbstractAutowireCapableBeanFactory.createBean(AbstractAutowireCapableBeanFactory.java:529)
	at org.springframework.beans.factory.support.AbstractBeanFactory.lambda$doGetBean$1(AbstractBeanFactory.java:378)
	at org.springframework.cloud.context.scope.GenericScope$BeanLifecycleWrapper.getBean(GenericScope.java:373)
	at org.springframework.cloud.context.scope.GenericScope.get(GenericScope.java:177)
	at org.springframework.beans.factory.support.AbstractBeanFactory.doGetBean(AbstractBeanFactory.java:375)
	at org.springframework.beans.factory.support.AbstractBeanFactory.getBean(AbstractBeanFactory.java:202)
	at org.springframework.aop.target.SimpleBeanTargetSource.getTarget(SimpleBeanTargetSource.java:35)
	at org.springframework.cloud.netflix.eureka.serviceregistry.EurekaRegistration.getTargetObject(EurekaRegistration.java:128)
	at org.springframework.cloud.netflix.eureka.serviceregistry.EurekaRegistration.getEurekaClient(EurekaRegistration.java:116)
	at java.base/jdk.internal.reflect.NativeMethodAccessorImpl.invoke0(Native Method)
	at java.base/jdk.internal.reflect.NativeMethodAccessorImpl.invoke(NativeMethodAccessorImpl.java:77)
	at java.base/jdk.internal.reflect.DelegatingMethodAccessorImpl.invoke(DelegatingMethodAccessorImpl.java:43)
	at java.base/java.lang.reflect.Method.invoke(Method.java:568)
	at org.springframework.util.ReflectionUtils.invokeMethod(ReflectionUtils.java:281)
	at org.springframework.cloud.context.scope.GenericScope$LockedScopedProxyFactoryBean.invoke(GenericScope.java:480)
	at org.springframework.aop.framework.ReflectiveMethodInvocation.proceed(ReflectiveMethodInvocation.java:184)
	at org.springframework.aop.framework.CglibAopProxy$DynamicAdvisedInterceptor.intercept(CglibAopProxy.java:728)
	at org.springframework.cloud.netflix.eureka.serviceregistry.EurekaRegistration$$SpringCGLIB$$0.getEurekaClient(<generated>)
	at org.springframework.cloud.netflix.eureka.serviceregistry.EurekaServiceRegistry.maybeInitializeClient(EurekaServiceRegistry.java:83)
	at org.springframework.cloud.netflix.eureka.serviceregistry.EurekaServiceRegistry.register(EurekaServiceRegistry.java:66)
	at org.springframework.cloud.netflix.eureka.serviceregistry.EurekaAutoServiceRegistration.start(EurekaAutoServiceRegistration.java:89)
	at org.springframework.context.support.DefaultLifecycleProcessor.doStart(DefaultLifecycleProcessor.java:405)
	at org.springframework.context.support.DefaultLifecycleProcessor.doStart(DefaultLifecycleProcessor.java:394)
	at org.springframework.context.support.DefaultLifecycleProcessor$LifecycleGroup.start(DefaultLifecycleProcessor.java:586)
	at java.base/java.lang.Iterable.forEach(Iterable.java:75)
	at org.springframework.context.support.DefaultLifecycleProcessor.startBeans(DefaultLifecycleProcessor.java:364)
	at org.springframework.context.support.DefaultLifecycleProcessor.onRefresh(DefaultLifecycleProcessor.java:310)
	at org.springframework.context.support.AbstractApplicationContext.finishRefresh(AbstractApplicationContext.java:1010)
	at org.springframework.context.support.AbstractApplicationContext.refresh(AbstractApplicationContext.java:631)
	at org.springframework.boot.web.servlet.context.ServletWebServerApplicationContext.refresh(ServletWebServerApplicationContext.java:146)
	at org.springframework.boot.SpringApplication.refresh(SpringApplication.java:752)
	at org.springframework.boot.SpringApplication.refreshContext(SpringApplication.java:439)
	at org.springframework.boot.SpringApplication.run(SpringApplication.java:318)
	at org.springframework.boot.SpringApplication.run(SpringApplication.java:1361)
	at org.springframework.boot.SpringApplication.run(SpringApplication.java:1350)
	at com.example.authservice.AuthserviceApplication.main(AuthserviceApplication.java:10)
	at java.base/jdk.internal.reflect.NativeMethodAccessorImpl.invoke0(Native Method)
	at java.base/jdk.internal.reflect.NativeMethodAccessorImpl.invoke(NativeMethodAccessorImpl.java:77)
	at java.base/jdk.internal.reflect.DelegatingMethodAccessorImpl.invoke(DelegatingMethodAccessorImpl.java:43)
	at java.base/java.lang.reflect.Method.invoke(Method.java:568)
	at org.springframework.boot.devtools.restart.RestartLauncher.run(RestartLauncher.java:50)
2026-05-06 07:44:48.357 | INFO  | [restartedMain] | c.netflix.discovery.DiscoveryClient.<init> | Initial registry fetch from primary servers failed
2026-05-06 07:44:48.357 | WARN  | [restartedMain] | c.netflix.discovery.DiscoveryClient.get | Using default backup registry implementation which does not do anything.
2026-05-06 07:44:48.358 | INFO  | [restartedMain] | c.netflix.discovery.DiscoveryClient.<init> | Initial registry fetch from backup servers failed
2026-05-06 07:44:48.359 | INFO  | [restartedMain] | c.netflix.discovery.DiscoveryClient.initScheduledTasks | Starting heartbeat executor: renew interval is: 30
2026-05-06 07:44:48.362 | INFO  | [restartedMain] | c.n.discovery.InstanceInfoReplicator.<init> | InstanceInfoReplicator onDemand update allowed rate per min is 4
2026-05-06 07:44:48.365 | INFO  | [restartedMain] | c.netflix.discovery.DiscoveryClient.<init> | Discovery Client initialized at timestamp 1778078688364 with initial instances count: 0
2026-05-06 07:44:48.371 | INFO  | [restartedMain] | o.s.c.n.e.s.EurekaServiceRegistry.register | Registering application AUTHSERVICE with eureka with status UP
2026-05-06 07:44:48.372 | INFO  | [restartedMain] | c.netflix.discovery.DiscoveryClient.notify | Saw local status change event StatusChangeEvent [timestamp=1778078688372, current=UP, previous=STARTING]
2026-05-06 07:44:48.373 | INFO  | [restartedMain] | o.a.coyote.http11.Http11NioProtocol.log | Starting ProtocolHandler ["http-nio-8001"]
2026-05-06 07:44:48.374 | INFO  | [DiscoveryClient-InstanceInfoReplicator-%d] | c.netflix.discovery.DiscoveryClient.register | DiscoveryClient_AUTHSERVICE/DESKTOP-A2NNC5Q:authservice:8001: registering service...
2026-05-06 07:44:48.404 | INFO  | [restartedMain] | o.s.b.w.e.tomcat.TomcatWebServer.start | Tomcat started on port 8001 (http) with context path '/'
2026-05-06 07:44:48.407 | INFO  | [restartedMain] | o.s.c.n.e.s.EurekaAutoServiceRegistration.onApplicationEvent | Updating port to 8001
2026-05-06 07:44:48.443 | INFO  | [DiscoveryClient-InstanceInfoReplicator-%d] | c.n.d.s.t.d.RedirectingEurekaHttpClient.execute | Request execution error. endpoint=DefaultEndpoint{ serviceUrl='http://localhost:7000/eureka/}, exception=I/O error on POST request for "http://localhost:7000/eureka/apps/AUTHSERVICE": Connect to http://localhost:7000 failed: Connection refused: no further information
org.springframework.web.client.ResourceAccessException: I/O error on POST request for "http://localhost:7000/eureka/apps/AUTHSERVICE": Connect to http://localhost:7000 failed: Connection refused: no further information
	at org.springframework.web.client.RestTemplate.createResourceAccessException(RestTemplate.java:926)
	at org.springframework.web.client.RestTemplate.doExecute(RestTemplate.java:906)
	at org.springframework.web.client.RestTemplate.execute(RestTemplate.java:841)
	at org.springframework.web.client.RestTemplate.exchange(RestTemplate.java:702)
	at org.springframework.cloud.netflix.eureka.http.RestTemplateEurekaHttpClient.register(RestTemplateEurekaHttpClient.java:87)
	at com.netflix.discovery.shared.transport.decorator.EurekaHttpClientDecorator$1.execute(EurekaHttpClientDecorator.java:59)
	at com.netflix.discovery.shared.transport.decorator.RedirectingEurekaHttpClient.executeOnNewServer(RedirectingEurekaHttpClient.java:120)
	at com.netflix.discovery.shared.transport.decorator.RedirectingEurekaHttpClient.execute(RedirectingEurekaHttpClient.java:79)
	at com.netflix.discovery.shared.transport.decorator.EurekaHttpClientDecorator.register(EurekaHttpClientDecorator.java:56)
	at com.netflix.discovery.shared.transport.decorator.EurekaHttpClientDecorator$1.execute(EurekaHttpClientDecorator.java:59)
	at com.netflix.discovery.shared.transport.decorator.RetryableEurekaHttpClient.execute(RetryableEurekaHttpClient.java:120)
	at com.netflix.discovery.shared.transport.decorator.EurekaHttpClientDecorator.register(EurekaHttpClientDecorator.java:56)
	at com.netflix.discovery.shared.transport.decorator.EurekaHttpClientDecorator$1.execute(EurekaHttpClientDecorator.java:59)
	at com.netflix.discovery.shared.transport.decorator.SessionedEurekaHttpClient.execute(SessionedEurekaHttpClient.java:76)
	at com.netflix.discovery.shared.transport.decorator.EurekaHttpClientDecorator.register(EurekaHttpClientDecorator.java:56)
	at com.netflix.discovery.DiscoveryClient.register(DiscoveryClient.java:843)
	at com.netflix.discovery.InstanceInfoReplicator.run(InstanceInfoReplicator.java:125)
	at com.netflix.discovery.InstanceInfoReplicator$2.run(InstanceInfoReplicator.java:105)
	at java.base/java.util.concurrent.Executors$RunnableAdapter.call(Executors.java:539)
	at java.base/java.util.concurrent.FutureTask.run(FutureTask.java:264)
	at java.base/java.util.concurrent.ScheduledThreadPoolExecutor$ScheduledFutureTask.run(ScheduledThreadPoolExecutor.java:304)
	at java.base/java.util.concurrent.ThreadPoolExecutor.runWorker(ThreadPoolExecutor.java:1136)
	at java.base/java.util.concurrent.ThreadPoolExecutor$Worker.run(ThreadPoolExecutor.java:635)
	at java.base/java.lang.Thread.run(Thread.java:842)
Caused by: org.apache.hc.client5.http.HttpHostConnectException: Connect to http://localhost:7000 failed: Connection refused: no further information
	at java.base/sun.nio.ch.Net.pollConnect(Native Method)
	at java.base/sun.nio.ch.Net.pollConnectNow(Net.java:672)
	at java.base/sun.nio.ch.NioSocketImpl.timedFinishConnect(NioSocketImpl.java:547)
	at java.base/sun.nio.ch.NioSocketImpl.connect(NioSocketImpl.java:602)
	at java.base/java.net.SocksSocketImpl.connect(SocksSocketImpl.java:327)
	at java.base/java.net.Socket.connect(Socket.java:633)
	at org.apache.hc.client5.http.impl.io.DefaultHttpClientConnectionOperator.connect(DefaultHttpClientConnectionOperator.java:226)
	at org.apache.hc.client5.http.impl.io.PoolingHttpClientConnectionManager.connect(PoolingHttpClientConnectionManager.java:497)
	at org.apache.hc.client5.http.impl.classic.InternalExecRuntime.connectEndpoint(InternalExecRuntime.java:164)
	at org.apache.hc.client5.http.impl.classic.InternalExecRuntime.connectEndpoint(InternalExecRuntime.java:174)
	at org.apache.hc.client5.http.impl.classic.ConnectExec.execute(ConnectExec.java:144)
	at org.apache.hc.client5.http.impl.classic.ExecChainElement.execute(ExecChainElement.java:51)
	at org.apache.hc.client5.http.impl.classic.ProtocolExec.execute(ProtocolExec.java:195)
	at org.apache.hc.client5.http.impl.classic.ExecChainElement.execute(ExecChainElement.java:51)
	at org.apache.hc.client5.http.impl.classic.ContentCompressionExec.execute(ContentCompressionExec.java:168)
	at org.apache.hc.client5.http.impl.classic.ExecChainElement.execute(ExecChainElement.java:51)
	at org.apache.hc.client5.http.impl.classic.HttpRequestRetryExec.execute(HttpRequestRetryExec.java:112)
	at org.apache.hc.client5.http.impl.classic.ExecChainElement.execute(ExecChainElement.java:51)
	at org.apache.hc.client5.http.impl.classic.RedirectExec.execute(RedirectExec.java:110)
	at org.apache.hc.client5.http.impl.classic.ExecChainElement.execute(ExecChainElement.java:51)
	at org.apache.hc.client5.http.impl.classic.InternalHttpClient.doExecute(InternalHttpClient.java:185)
	at org.apache.hc.client5.http.impl.classic.CloseableHttpClient.execute(CloseableHttpClient.java:87)
	at org.apache.hc.client5.http.impl.classic.CloseableHttpClient.execute(CloseableHttpClient.java:55)
	at org.apache.hc.client5.http.classic.HttpClient.executeOpen(HttpClient.java:183)
	at org.springframework.http.client.HttpComponentsClientHttpRequest.executeInternal(HttpComponentsClientHttpRequest.java:99)
	at org.springframework.http.client.AbstractStreamingClientHttpRequest.executeInternal(AbstractStreamingClientHttpRequest.java:88)
	at org.springframework.http.client.AbstractClientHttpRequest.execute(AbstractClientHttpRequest.java:81)
	at org.springframework.http.client.InterceptingClientHttpRequest$InterceptingRequestExecution.execute(InterceptingClientHttpRequest.java:117)
	at org.springframework.cloud.netflix.eureka.http.RestTemplateTransportClientFactory.lambda$restTemplate$2(RestTemplateTransportClientFactory.java:145)
	at org.springframework.http.client.InterceptingClientHttpRequest$InterceptingRequestExecution.execute(InterceptingClientHttpRequest.java:88)
	at org.springframework.http.client.InterceptingClientHttpRequest.executeInternal(InterceptingClientHttpRequest.java:72)
	at org.springframework.http.client.AbstractBufferingClientHttpRequest.executeInternal(AbstractBufferingClientHttpRequest.java:48)
	at org.springframework.http.client.AbstractClientHttpRequest.execute(AbstractClientHttpRequest.java:81)
	at org.springframework.web.client.RestTemplate.doExecute(RestTemplate.java:900)
	... 22 common frames omitted
2026-05-06 07:44:48.445 | WARN  | [DiscoveryClient-InstanceInfoReplicator-%d] | c.n.d.s.t.d.RetryableEurekaHttpClient.execute | Request execution failed with message: I/O error on POST request for "http://localhost:7000/eureka/apps/AUTHSERVICE": Connect to http://localhost:7000 failed: Connection refused: no further information
2026-05-06 07:44:48.446 | WARN  | [DiscoveryClient-InstanceInfoReplicator-%d] | c.netflix.discovery.DiscoveryClient.register | DiscoveryClient_AUTHSERVICE/DESKTOP-A2NNC5Q:authservice:8001 - registration failed Cannot execute request on any known server
com.netflix.discovery.shared.transport.TransportException: Cannot execute request on any known server
	at com.netflix.discovery.shared.transport.decorator.RetryableEurekaHttpClient.execute(RetryableEurekaHttpClient.java:112)
	at com.netflix.discovery.shared.transport.decorator.EurekaHttpClientDecorator.register(EurekaHttpClientDecorator.java:56)
	at com.netflix.discovery.shared.transport.decorator.EurekaHttpClientDecorator$1.execute(EurekaHttpClientDecorator.java:59)
	at com.netflix.discovery.shared.transport.decorator.SessionedEurekaHttpClient.execute(SessionedEurekaHttpClient.java:76)
	at com.netflix.discovery.shared.transport.decorator.EurekaHttpClientDecorator.register(EurekaHttpClientDecorator.java:56)
	at com.netflix.discovery.DiscoveryClient.register(DiscoveryClient.java:843)
	at com.netflix.discovery.InstanceInfoReplicator.run(InstanceInfoReplicator.java:125)
	at com.netflix.discovery.InstanceInfoReplicator$2.run(InstanceInfoReplicator.java:105)
	at java.base/java.util.concurrent.Executors$RunnableAdapter.call(Executors.java:539)
	at java.base/java.util.concurrent.FutureTask.run(FutureTask.java:264)
	at java.base/java.util.concurrent.ScheduledThreadPoolExecutor$ScheduledFutureTask.run(ScheduledThreadPoolExecutor.java:304)
	at java.base/java.util.concurrent.ThreadPoolExecutor.runWorker(ThreadPoolExecutor.java:1136)
	at java.base/java.util.concurrent.ThreadPoolExecutor$Worker.run(ThreadPoolExecutor.java:635)
	at java.base/java.lang.Thread.run(Thread.java:842)
2026-05-06 07:44:48.446 | WARN  | [DiscoveryClient-InstanceInfoReplicator-%d] | c.n.discovery.InstanceInfoReplicator.run | There was a problem with the instance info replicator
com.netflix.discovery.shared.transport.TransportException: Cannot execute request on any known server
	at com.netflix.discovery.shared.transport.decorator.RetryableEurekaHttpClient.execute(RetryableEurekaHttpClient.java:112)
	at com.netflix.discovery.shared.transport.decorator.EurekaHttpClientDecorator.register(EurekaHttpClientDecorator.java:56)
	at com.netflix.discovery.shared.transport.decorator.EurekaHttpClientDecorator$1.execute(EurekaHttpClientDecorator.java:59)
	at com.netflix.discovery.shared.transport.decorator.SessionedEurekaHttpClient.execute(SessionedEurekaHttpClient.java:76)
	at com.netflix.discovery.shared.transport.decorator.EurekaHttpClientDecorator.register(EurekaHttpClientDecorator.java:56)
	at com.netflix.discovery.DiscoveryClient.register(DiscoveryClient.java:843)
	at com.netflix.discovery.InstanceInfoReplicator.run(InstanceInfoReplicator.java:125)
	at com.netflix.discovery.InstanceInfoReplicator$2.run(InstanceInfoReplicator.java:105)
	at java.base/java.util.concurrent.Executors$RunnableAdapter.call(Executors.java:539)
	at java.base/java.util.concurrent.FutureTask.run(FutureTask.java:264)
	at java.base/java.util.concurrent.ScheduledThreadPoolExecutor$ScheduledFutureTask.run(ScheduledThreadPoolExecutor.java:304)
	at java.base/java.util.concurrent.ThreadPoolExecutor.runWorker(ThreadPoolExecutor.java:1136)
	at java.base/java.util.concurrent.ThreadPoolExecutor$Worker.run(ThreadPoolExecutor.java:635)
	at java.base/java.lang.Thread.run(Thread.java:842)
2026-05-06 07:44:52.261 | INFO  | [restartedMain] | c.e.a.AuthserviceApplication.logStarted | Started AuthserviceApplication in 22.584 seconds (process running for 23.395)
2026-05-06 07:45:18.377 | INFO  | [DiscoveryClient-CacheRefreshExecutor-%d] | c.netflix.discovery.DiscoveryClient.fetchRegistry | Disable delta property : false
2026-05-06 07:45:18.378 | INFO  | [DiscoveryClient-CacheRefreshExecutor-%d] | c.netflix.discovery.DiscoveryClient.fetchRegistry | Single vip registry refresh property : null
2026-05-06 07:45:18.398 | INFO  | [DiscoveryClient-CacheRefreshExecutor-%d] | c.netflix.discovery.DiscoveryClient.fetchRegistry | Force full registry fetch : false
2026-05-06 07:45:18.399 | INFO  | [DiscoveryClient-CacheRefreshExecutor-%d] | c.netflix.discovery.DiscoveryClient.fetchRegistry | Application is null : false
2026-05-06 07:45:18.400 | INFO  | [DiscoveryClient-CacheRefreshExecutor-%d] | c.netflix.discovery.DiscoveryClient.fetchRegistry | Registered Applications size is zero : true
2026-05-06 07:45:18.400 | INFO  | [DiscoveryClient-CacheRefreshExecutor-%d] | c.netflix.discovery.DiscoveryClient.fetchRegistry | Application version is -1: true
2026-05-06 07:45:18.401 | INFO  | [DiscoveryClient-CacheRefreshExecutor-%d] | c.netflix.discovery.DiscoveryClient.getAndStoreFullRegistry | Getting all instance registry info from the eureka server
2026-05-06 07:45:18.442 | INFO  | [DiscoveryClient-CacheRefreshExecutor-%d] | c.n.d.s.t.d.RedirectingEurekaHttpClient.execute | Request execution error. endpoint=DefaultEndpoint{ serviceUrl='http://localhost:7000/eureka/}, exception=I/O error on GET request for "http://localhost:7000/eureka/apps/": Connect to http://localhost:7000 failed: Connection refused: no further information
org.springframework.web.client.ResourceAccessException: I/O error on GET request for "http://localhost:7000/eureka/apps/": Connect to http://localhost:7000 failed: Connection refused: no further information
	at org.springframework.web.client.RestTemplate.createResourceAccessException(RestTemplate.java:926)
	at org.springframework.web.client.RestTemplate.doExecute(RestTemplate.java:906)
	at org.springframework.web.client.RestTemplate.execute(RestTemplate.java:841)
	at org.springframework.web.client.RestTemplate.exchange(RestTemplate.java:702)
	at org.springframework.cloud.netflix.eureka.http.RestTemplateEurekaHttpClient.getApplicationsInternal(RestTemplateEurekaHttpClient.java:174)
	at org.springframework.cloud.netflix.eureka.http.RestTemplateEurekaHttpClient.getApplications(RestTemplateEurekaHttpClient.java:162)
	at com.netflix.discovery.shared.transport.decorator.EurekaHttpClientDecorator$6.execute(EurekaHttpClientDecorator.java:137)
	at com.netflix.discovery.shared.transport.decorator.RedirectingEurekaHttpClient.executeOnNewServer(RedirectingEurekaHttpClient.java:120)
	at com.netflix.discovery.shared.transport.decorator.RedirectingEurekaHttpClient.execute(RedirectingEurekaHttpClient.java:79)
	at com.netflix.discovery.shared.transport.decorator.EurekaHttpClientDecorator.getApplications(EurekaHttpClientDecorator.java:134)
	at com.netflix.discovery.shared.transport.decorator.EurekaHttpClientDecorator$6.execute(EurekaHttpClientDecorator.java:137)
	at com.netflix.discovery.shared.transport.decorator.RetryableEurekaHttpClient.execute(RetryableEurekaHttpClient.java:120)
	at com.netflix.discovery.shared.transport.decorator.EurekaHttpClientDecorator.getApplications(EurekaHttpClientDecorator.java:134)
	at com.netflix.discovery.shared.transport.decorator.EurekaHttpClientDecorator$6.execute(EurekaHttpClientDecorator.java:137)
	at com.netflix.discovery.shared.transport.decorator.SessionedEurekaHttpClient.execute(SessionedEurekaHttpClient.java:76)
	at com.netflix.discovery.shared.transport.decorator.EurekaHttpClientDecorator.getApplications(EurekaHttpClientDecorator.java:134)
	at com.netflix.discovery.DiscoveryClient.getAndStoreFullRegistry(DiscoveryClient.java:1061)
	at com.netflix.discovery.DiscoveryClient.fetchRegistry(DiscoveryClient.java:976)
	at com.netflix.discovery.DiscoveryClient.refreshRegistry(DiscoveryClient.java:1489)
	at com.netflix.discovery.DiscoveryClient$CacheRefreshThread.run(DiscoveryClient.java:1457)
	at java.base/java.util.concurrent.Executors$RunnableAdapter.call(Executors.java:539)
	at java.base/java.util.concurrent.FutureTask.run(FutureTask.java:264)
	at java.base/java.util.concurrent.ThreadPoolExecutor.runWorker(ThreadPoolExecutor.java:1136)
	at java.base/java.util.concurrent.ThreadPoolExecutor$Worker.run(ThreadPoolExecutor.java:635)
	at java.base/java.lang.Thread.run(Thread.java:842)
Caused by: org.apache.hc.client5.http.HttpHostConnectException: Connect to http://localhost:7000 failed: Connection refused: no further information
	at java.base/sun.nio.ch.Net.pollConnect(Native Method)
	at java.base/sun.nio.ch.Net.pollConnectNow(Net.java:672)
	at java.base/sun.nio.ch.NioSocketImpl.timedFinishConnect(NioSocketImpl.java:547)
	at java.base/sun.nio.ch.NioSocketImpl.connect(NioSocketImpl.java:602)
	at java.base/java.net.SocksSocketImpl.connect(SocksSocketImpl.java:327)
	at java.base/java.net.Socket.connect(Socket.java:633)
	at org.apache.hc.client5.http.impl.io.DefaultHttpClientConnectionOperator.connect(DefaultHttpClientConnectionOperator.java:226)
	at org.apache.hc.client5.http.impl.io.PoolingHttpClientConnectionManager.connect(PoolingHttpClientConnectionManager.java:497)
	at org.apache.hc.client5.http.impl.classic.InternalExecRuntime.connectEndpoint(InternalExecRuntime.java:164)
	at org.apache.hc.client5.http.impl.classic.InternalExecRuntime.connectEndpoint(InternalExecRuntime.java:174)
	at org.apache.hc.client5.http.impl.classic.ConnectExec.execute(ConnectExec.java:144)
	at org.apache.hc.client5.http.impl.classic.ExecChainElement.execute(ExecChainElement.java:51)
	at org.apache.hc.client5.http.impl.classic.ProtocolExec.execute(ProtocolExec.java:195)
	at org.apache.hc.client5.http.impl.classic.ExecChainElement.execute(ExecChainElement.java:51)
	at org.apache.hc.client5.http.impl.classic.ContentCompressionExec.execute(ContentCompressionExec.java:168)
	at org.apache.hc.client5.http.impl.classic.ExecChainElement.execute(ExecChainElement.java:51)
	at org.apache.hc.client5.http.impl.classic.HttpRequestRetryExec.execute(HttpRequestRetryExec.java:112)
	at org.apache.hc.client5.http.impl.classic.ExecChainElement.execute(ExecChainElement.java:51)
	at org.apache.hc.client5.http.impl.classic.RedirectExec.execute(RedirectExec.java:110)
	at org.apache.hc.client5.http.impl.classic.ExecChainElement.execute(ExecChainElement.java:51)
	at org.apache.hc.client5.http.impl.classic.InternalHttpClient.doExecute(InternalHttpClient.java:185)
	at org.apache.hc.client5.http.impl.classic.CloseableHttpClient.execute(CloseableHttpClient.java:87)
	at org.apache.hc.client5.http.impl.classic.CloseableHttpClient.execute(CloseableHttpClient.java:55)
	at org.apache.hc.client5.http.classic.HttpClient.executeOpen(HttpClient.java:183)
	at org.springframework.http.client.HttpComponentsClientHttpRequest.executeInternal(HttpComponentsClientHttpRequest.java:99)
	at org.springframework.http.client.AbstractStreamingClientHttpRequest.executeInternal(AbstractStreamingClientHttpRequest.java:88)
	at org.springframework.http.client.AbstractClientHttpRequest.execute(AbstractClientHttpRequest.java:81)
	at org.springframework.http.client.InterceptingClientHttpRequest$InterceptingRequestExecution.execute(InterceptingClientHttpRequest.java:117)
	at org.springframework.cloud.netflix.eureka.http.RestTemplateTransportClientFactory.lambda$restTemplate$2(RestTemplateTransportClientFactory.java:145)
	at org.springframework.http.client.InterceptingClientHttpRequest$InterceptingRequestExecution.execute(InterceptingClientHttpRequest.java:88)
	at org.springframework.http.client.InterceptingClientHttpRequest.executeInternal(InterceptingClientHttpRequest.java:72)
	at org.springframework.http.client.AbstractBufferingClientHttpRequest.executeInternal(AbstractBufferingClientHttpRequest.java:48)
	at org.springframework.http.client.AbstractClientHttpRequest.execute(AbstractClientHttpRequest.java:81)
	at org.springframework.web.client.RestTemplate.doExecute(RestTemplate.java:900)
	... 23 common frames omitted
2026-05-06 07:45:18.443 | WARN  | [DiscoveryClient-CacheRefreshExecutor-%d] | c.n.d.s.t.d.RetryableEurekaHttpClient.execute | Request execution failed with message: I/O error on GET request for "http://localhost:7000/eureka/apps/": Connect to http://localhost:7000 failed: Connection refused: no further information
2026-05-06 07:45:18.444 | INFO  | [DiscoveryClient-CacheRefreshExecutor-%d] | c.netflix.discovery.DiscoveryClient.fetchRegistry | DiscoveryClient_AUTHSERVICE/DESKTOP-A2NNC5Q:authservice:8001 - was unable to refresh its cache! This periodic background refresh will be retried in 30 seconds. status = Cannot execute request on any known server
com.netflix.discovery.shared.transport.TransportException: Cannot execute request on any known server
	at com.netflix.discovery.shared.transport.decorator.RetryableEurekaHttpClient.execute(RetryableEurekaHttpClient.java:112)
	at com.netflix.discovery.shared.transport.decorator.EurekaHttpClientDecorator.getApplications(EurekaHttpClientDecorator.java:134)
	at com.netflix.discovery.shared.transport.decorator.EurekaHttpClientDecorator$6.execute(EurekaHttpClientDecorator.java:137)
	at com.netflix.discovery.shared.transport.decorator.SessionedEurekaHttpClient.execute(SessionedEurekaHttpClient.java:76)
	at com.netflix.discovery.shared.transport.decorator.EurekaHttpClientDecorator.getApplications(EurekaHttpClientDecorator.java:134)
	at com.netflix.discovery.DiscoveryClient.getAndStoreFullRegistry(DiscoveryClient.java:1061)
	at com.netflix.discovery.DiscoveryClient.fetchRegistry(DiscoveryClient.java:976)
	at com.netflix.discovery.DiscoveryClient.refreshRegistry(DiscoveryClient.java:1489)
	at com.netflix.discovery.DiscoveryClient$CacheRefreshThread.run(DiscoveryClient.java:1457)
	at java.base/java.util.concurrent.Executors$RunnableAdapter.call(Executors.java:539)
	at java.base/java.util.concurrent.FutureTask.run(FutureTask.java:264)
	at java.base/java.util.concurrent.ThreadPoolExecutor.runWorker(ThreadPoolExecutor.java:1136)
	at java.base/java.util.concurrent.ThreadPoolExecutor$Worker.run(ThreadPoolExecutor.java:635)
	at java.base/java.lang.Thread.run(Thread.java:842)
2026-05-06 07:45:18.444 | INFO  | [DiscoveryClient-HeartbeatExecutor-%d] | c.n.d.s.t.d.RedirectingEurekaHttpClient.execute | Request execution error. endpoint=DefaultEndpoint{ serviceUrl='http://localhost:7000/eureka/}, exception=I/O error on PUT request for "http://localhost:7000/eureka/apps/AUTHSERVICE/DESKTOP-A2NNC5Q:authservice:8001": Connect to http://localhost:7000 failed: Connection refused: no further information
org.springframework.web.client.ResourceAccessException: I/O error on PUT request for "http://localhost:7000/eureka/apps/AUTHSERVICE/DESKTOP-A2NNC5Q:authservice:8001": Connect to http://localhost:7000 failed: Connection refused: no further information
	at org.springframework.web.client.RestTemplate.createResourceAccessException(RestTemplate.java:926)
	at org.springframework.web.client.RestTemplate.doExecute(RestTemplate.java:906)
	at org.springframework.web.client.RestTemplate.execute(RestTemplate.java:841)
	at org.springframework.web.client.RestTemplate.exchange(RestTemplate.java:702)
	at org.springframework.cloud.netflix.eureka.http.RestTemplateEurekaHttpClient.sendHeartBeat(RestTemplateEurekaHttpClient.java:119)
	at com.netflix.discovery.shared.transport.decorator.EurekaHttpClientDecorator$3.execute(EurekaHttpClientDecorator.java:92)
	at com.netflix.discovery.shared.transport.decorator.RedirectingEurekaHttpClient.executeOnNewServer(RedirectingEurekaHttpClient.java:120)
	at com.netflix.discovery.shared.transport.decorator.RedirectingEurekaHttpClient.execute(RedirectingEurekaHttpClient.java:79)
	at com.netflix.discovery.shared.transport.decorator.EurekaHttpClientDecorator.sendHeartBeat(EurekaHttpClientDecorator.java:89)
	at com.netflix.discovery.shared.transport.decorator.EurekaHttpClientDecorator$3.execute(EurekaHttpClientDecorator.java:92)
	at com.netflix.discovery.shared.transport.decorator.RetryableEurekaHttpClient.execute(RetryableEurekaHttpClient.java:120)
	at com.netflix.discovery.shared.transport.decorator.EurekaHttpClientDecorator.sendHeartBeat(EurekaHttpClientDecorator.java:89)
	at com.netflix.discovery.shared.transport.decorator.EurekaHttpClientDecorator$3.execute(EurekaHttpClientDecorator.java:92)
	at com.netflix.discovery.shared.transport.decorator.SessionedEurekaHttpClient.execute(SessionedEurekaHttpClient.java:76)
	at com.netflix.discovery.shared.transport.decorator.EurekaHttpClientDecorator.sendHeartBeat(EurekaHttpClientDecorator.java:89)
	at com.netflix.discovery.DiscoveryClient.renew(DiscoveryClient.java:860)
	at com.netflix.discovery.DiscoveryClient$HeartbeatThread.run(DiscoveryClient.java:1418)
	at java.base/java.util.concurrent.Executors$RunnableAdapter.call(Executors.java:539)
	at java.base/java.util.concurrent.FutureTask.run(FutureTask.java:264)
	at java.base/java.util.concurrent.ThreadPoolExecutor.runWorker(ThreadPoolExecutor.java:1136)
	at java.base/java.util.concurrent.ThreadPoolExecutor$Worker.run(ThreadPoolExecutor.java:635)
	at java.base/java.lang.Thread.run(Thread.java:842)
Caused by: org.apache.hc.client5.http.HttpHostConnectException: Connect to http://localhost:7000 failed: Connection refused: no further information
	at java.base/sun.nio.ch.Net.pollConnect(Native Method)
	at java.base/sun.nio.ch.Net.pollConnectNow(Net.java:672)
	at java.base/sun.nio.ch.NioSocketImpl.timedFinishConnect(NioSocketImpl.java:547)
	at java.base/sun.nio.ch.NioSocketImpl.connect(NioSocketImpl.java:602)
	at java.base/java.net.SocksSocketImpl.connect(SocksSocketImpl.java:327)
	at java.base/java.net.Socket.connect(Socket.java:633)
	at org.apache.hc.client5.http.impl.io.DefaultHttpClientConnectionOperator.connect(DefaultHttpClientConnectionOperator.java:226)
	at org.apache.hc.client5.http.impl.io.PoolingHttpClientConnectionManager.connect(PoolingHttpClientConnectionManager.java:497)
	at org.apache.hc.client5.http.impl.classic.InternalExecRuntime.connectEndpoint(InternalExecRuntime.java:164)
	at org.apache.hc.client5.http.impl.classic.InternalExecRuntime.connectEndpoint(InternalExecRuntime.java:174)
	at org.apache.hc.client5.http.impl.classic.ConnectExec.execute(ConnectExec.java:144)
	at org.apache.hc.client5.http.impl.classic.ExecChainElement.execute(ExecChainElement.java:51)
	at org.apache.hc.client5.http.impl.classic.ProtocolExec.execute(ProtocolExec.java:195)
	at org.apache.hc.client5.http.impl.classic.ExecChainElement.execute(ExecChainElement.java:51)
	at org.apache.hc.client5.http.impl.classic.ContentCompressionExec.execute(ContentCompressionExec.java:168)
	at org.apache.hc.client5.http.impl.classic.ExecChainElement.execute(ExecChainElement.java:51)
	at org.apache.hc.client5.http.impl.classic.HttpRequestRetryExec.execute(HttpRequestRetryExec.java:112)
	at org.apache.hc.client5.http.impl.classic.ExecChainElement.execute(ExecChainElement.java:51)
	at org.apache.hc.client5.http.impl.classic.RedirectExec.execute(RedirectExec.java:110)
	at org.apache.hc.client5.http.impl.classic.ExecChainElement.execute(ExecChainElement.java:51)
	at org.apache.hc.client5.http.impl.classic.InternalHttpClient.doExecute(InternalHttpClient.java:185)
	at org.apache.hc.client5.http.impl.classic.CloseableHttpClient.execute(CloseableHttpClient.java:87)
	at org.apache.hc.client5.http.impl.classic.CloseableHttpClient.execute(CloseableHttpClient.java:55)
	at org.apache.hc.client5.http.classic.HttpClient.executeOpen(HttpClient.java:183)
	at org.springframework.http.client.HttpComponentsClientHttpRequest.executeInternal(HttpComponentsClientHttpRequest.java:99)
	at org.springframework.http.client.AbstractStreamingClientHttpRequest.executeInternal(AbstractStreamingClientHttpRequest.java:88)
	at org.springframework.http.client.AbstractClientHttpRequest.execute(AbstractClientHttpRequest.java:81)
	at org.springframework.http.client.InterceptingClientHttpRequest$InterceptingRequestExecution.execute(InterceptingClientHttpRequest.java:117)
	at org.springframework.cloud.netflix.eureka.http.RestTemplateTransportClientFactory.lambda$restTemplate$2(RestTemplateTransportClientFactory.java:145)
	at org.springframework.http.client.InterceptingClientHttpRequest$InterceptingRequestExecution.execute(InterceptingClientHttpRequest.java:88)
	at org.springframework.http.client.InterceptingClientHttpRequest.executeInternal(InterceptingClientHttpRequest.java:72)
	at org.springframework.http.client.AbstractBufferingClientHttpRequest.executeInternal(AbstractBufferingClientHttpRequest.java:48)
	at org.springframework.http.client.AbstractClientHttpRequest.execute(AbstractClientHttpRequest.java:81)
	at org.springframework.web.client.RestTemplate.doExecute(RestTemplate.java:900)
	... 20 common frames omitted
2026-05-06 07:45:18.445 | WARN  | [DiscoveryClient-HeartbeatExecutor-%d] | c.n.d.s.t.d.RetryableEurekaHttpClient.execute | Request execution failed with message: I/O error on PUT request for "http://localhost:7000/eureka/apps/AUTHSERVICE/DESKTOP-A2NNC5Q:authservice:8001": Connect to http://localhost:7000 failed: Connection refused: no further information
2026-05-06 07:45:18.446 | ERROR | [DiscoveryClient-HeartbeatExecutor-%d] | c.netflix.discovery.DiscoveryClient.renew | DiscoveryClient_AUTHSERVICE/DESKTOP-A2NNC5Q:authservice:8001 - was unable to send heartbeat!
com.netflix.discovery.shared.transport.TransportException: Cannot execute request on any known server
	at com.netflix.discovery.shared.transport.decorator.RetryableEurekaHttpClient.execute(RetryableEurekaHttpClient.java:112)
	at com.netflix.discovery.shared.transport.decorator.EurekaHttpClientDecorator.sendHeartBeat(EurekaHttpClientDecorator.java:89)
	at com.netflix.discovery.shared.transport.decorator.EurekaHttpClientDecorator$3.execute(EurekaHttpClientDecorator.java:92)
	at com.netflix.discovery.shared.transport.decorator.SessionedEurekaHttpClient.execute(SessionedEurekaHttpClient.java:76)
	at com.netflix.discovery.shared.transport.decorator.EurekaHttpClientDecorator.sendHeartBeat(EurekaHttpClientDecorator.java:89)
	at com.netflix.discovery.DiscoveryClient.renew(DiscoveryClient.java:860)
	at com.netflix.discovery.DiscoveryClient$HeartbeatThread.run(DiscoveryClient.java:1418)
	at java.base/java.util.concurrent.Executors$RunnableAdapter.call(Executors.java:539)
	at java.base/java.util.concurrent.FutureTask.run(FutureTask.java:264)
	at java.base/java.util.concurrent.ThreadPoolExecutor.runWorker(ThreadPoolExecutor.java:1136)
	at java.base/java.util.concurrent.ThreadPoolExecutor$Worker.run(ThreadPoolExecutor.java:635)
	at java.base/java.lang.Thread.run(Thread.java:842)
2026-05-06 07:45:18.451 | INFO  | [DiscoveryClient-InstanceInfoReplicator-%d] | c.netflix.discovery.DiscoveryClient.register | DiscoveryClient_AUTHSERVICE/DESKTOP-A2NNC5Q:authservice:8001: registering service...
2026-05-06 07:45:18.483 | INFO  | [DiscoveryClient-InstanceInfoReplicator-%d] | c.n.d.s.t.d.RedirectingEurekaHttpClient.execute | Request execution error. endpoint=DefaultEndpoint{ serviceUrl='http://localhost:7000/eureka/}, exception=I/O error on POST request for "http://localhost:7000/eureka/apps/AUTHSERVICE": Connect to http://localhost:7000 failed: Connection refused: no further information
org.springframework.web.client.ResourceAccessException: I/O error on POST request for "http://localhost:7000/eureka/apps/AUTHSERVICE": Connect to http://localhost:7000 failed: Connection refused: no further information
	at org.springframework.web.client.RestTemplate.createResourceAccessException(RestTemplate.java:926)
	at org.springframework.web.client.RestTemplate.doExecute(RestTemplate.java:906)
	at org.springframework.web.client.RestTemplate.execute(RestTemplate.java:841)
	at org.springframework.web.client.RestTemplate.exchange(RestTemplate.java:702)
	at org.springframework.cloud.netflix.eureka.http.RestTemplateEurekaHttpClient.register(RestTemplateEurekaHttpClient.java:87)
	at com.netflix.discovery.shared.transport.decorator.EurekaHttpClientDecorator$1.execute(EurekaHttpClientDecorator.java:59)
	at com.netflix.discovery.shared.transport.decorator.RedirectingEurekaHttpClient.executeOnNewServer(RedirectingEurekaHttpClient.java:120)
	at com.netflix.discovery.shared.transport.decorator.RedirectingEurekaHttpClient.execute(RedirectingEurekaHttpClient.java:79)
	at com.netflix.discovery.shared.transport.decorator.EurekaHttpClientDecorator.register(EurekaHttpClientDecorator.java:56)
	at com.netflix.discovery.shared.transport.decorator.EurekaHttpClientDecorator$1.execute(EurekaHttpClientDecorator.java:59)
	at com.netflix.discovery.shared.transport.decorator.RetryableEurekaHttpClient.execute(RetryableEurekaHttpClient.java:120)
	at com.netflix.discovery.shared.transport.decorator.EurekaHttpClientDecorator.register(EurekaHttpClientDecorator.java:56)
	at com.netflix.discovery.shared.transport.decorator.EurekaHttpClientDecorator$1.execute(EurekaHttpClientDecorator.java:59)
	at com.netflix.discovery.shared.transport.decorator.SessionedEurekaHttpClient.execute(SessionedEurekaHttpClient.java:76)
	at com.netflix.discovery.shared.transport.decorator.EurekaHttpClientDecorator.register(EurekaHttpClientDecorator.java:56)
	at com.netflix.discovery.DiscoveryClient.register(DiscoveryClient.java:843)
	at com.netflix.discovery.InstanceInfoReplicator.run(InstanceInfoReplicator.java:125)
	at java.base/java.util.concurrent.Executors$RunnableAdapter.call(Executors.java:539)
	at java.base/java.util.concurrent.FutureTask.run(FutureTask.java:264)
	at java.base/java.util.concurrent.ScheduledThreadPoolExecutor$ScheduledFutureTask.run(ScheduledThreadPoolExecutor.java:304)
	at java.base/java.util.concurrent.ThreadPoolExecutor.runWorker(ThreadPoolExecutor.java:1136)
	at java.base/java.util.concurrent.ThreadPoolExecutor$Worker.run(ThreadPoolExecutor.java:635)
	at java.base/java.lang.Thread.run(Thread.java:842)
Caused by: org.apache.hc.client5.http.HttpHostConnectException: Connect to http://localhost:7000 failed: Connection refused: no further information
	at java.base/sun.nio.ch.Net.pollConnect(Native Method)
	at java.base/sun.nio.ch.Net.pollConnectNow(Net.java:672)
	at java.base/sun.nio.ch.NioSocketImpl.timedFinishConnect(NioSocketImpl.java:547)
	at java.base/sun.nio.ch.NioSocketImpl.connect(NioSocketImpl.java:602)
	at java.base/java.net.SocksSocketImpl.connect(SocksSocketImpl.java:327)
	at java.base/java.net.Socket.connect(Socket.java:633)
	at org.apache.hc.client5.http.impl.io.DefaultHttpClientConnectionOperator.connect(DefaultHttpClientConnectionOperator.java:226)
	at org.apache.hc.client5.http.impl.io.PoolingHttpClientConnectionManager.connect(PoolingHttpClientConnectionManager.java:497)
	at org.apache.hc.client5.http.impl.classic.InternalExecRuntime.connectEndpoint(InternalExecRuntime.java:164)
	at org.apache.hc.client5.http.impl.classic.InternalExecRuntime.connectEndpoint(InternalExecRuntime.java:174)
	at org.apache.hc.client5.http.impl.classic.ConnectExec.execute(ConnectExec.java:144)
	at org.apache.hc.client5.http.impl.classic.ExecChainElement.execute(ExecChainElement.java:51)
	at org.apache.hc.client5.http.impl.classic.ProtocolExec.execute(ProtocolExec.java:195)
	at org.apache.hc.client5.http.impl.classic.ExecChainElement.execute(ExecChainElement.java:51)
	at org.apache.hc.client5.http.impl.classic.ContentCompressionExec.execute(ContentCompressionExec.java:168)
	at org.apache.hc.client5.http.impl.classic.ExecChainElement.execute(ExecChainElement.java:51)
	at org.apache.hc.client5.http.impl.classic.HttpRequestRetryExec.execute(HttpRequestRetryExec.java:112)
	at org.apache.hc.client5.http.impl.classic.ExecChainElement.execute(ExecChainElement.java:51)
	at org.apache.hc.client5.http.impl.classic.RedirectExec.execute(RedirectExec.java:110)
	at org.apache.hc.client5.http.impl.classic.ExecChainElement.execute(ExecChainElement.java:51)
	at org.apache.hc.client5.http.impl.classic.InternalHttpClient.doExecute(InternalHttpClient.java:185)
	at org.apache.hc.client5.http.impl.classic.CloseableHttpClient.execute(CloseableHttpClient.java:87)
	at org.apache.hc.client5.http.impl.classic.CloseableHttpClient.execute(CloseableHttpClient.java:55)
	at org.apache.hc.client5.http.classic.HttpClient.executeOpen(HttpClient.java:183)
	at org.springframework.http.client.HttpComponentsClientHttpRequest.executeInternal(HttpComponentsClientHttpRequest.java:99)
	at org.springframework.http.client.AbstractStreamingClientHttpRequest.executeInternal(AbstractStreamingClientHttpRequest.java:88)
	at org.springframework.http.client.AbstractClientHttpRequest.execute(AbstractClientHttpRequest.java:81)
	at org.springframework.http.client.InterceptingClientHttpRequest$InterceptingRequestExecution.execute(InterceptingClientHttpRequest.java:117)
	at org.springframework.cloud.netflix.eureka.http.RestTemplateTransportClientFactory.lambda$restTemplate$2(RestTemplateTransportClientFactory.java:145)
	at org.springframework.http.client.InterceptingClientHttpRequest$InterceptingRequestExecution.execute(InterceptingClientHttpRequest.java:88)
	at org.springframework.http.client.InterceptingClientHttpRequest.executeInternal(InterceptingClientHttpRequest.java:72)
	at org.springframework.http.client.AbstractBufferingClientHttpRequest.executeInternal(AbstractBufferingClientHttpRequest.java:48)
	at org.springframework.http.client.AbstractClientHttpRequest.execute(AbstractClientHttpRequest.java:81)
	at org.springframework.web.client.RestTemplate.doExecute(RestTemplate.java:900)
	... 21 common frames omitted
2026-05-06 07:45:18.485 | WARN  | [DiscoveryClient-InstanceInfoReplicator-%d] | c.n.d.s.t.d.RetryableEurekaHttpClient.execute | Request execution failed with message: I/O error on POST request for "http://localhost:7000/eureka/apps/AUTHSERVICE": Connect to http://localhost:7000 failed: Connection refused: no further information
2026-05-06 07:45:18.485 | WARN  | [DiscoveryClient-InstanceInfoReplicator-%d] | c.netflix.discovery.DiscoveryClient.register | DiscoveryClient_AUTHSERVICE/DESKTOP-A2NNC5Q:authservice:8001 - registration failed Cannot execute request on any known server
com.netflix.discovery.shared.transport.TransportException: Cannot execute request on any known server
	at com.netflix.discovery.shared.transport.decorator.RetryableEurekaHttpClient.execute(RetryableEurekaHttpClient.java:112)
	at com.netflix.discovery.shared.transport.decorator.EurekaHttpClientDecorator.register(EurekaHttpClientDecorator.java:56)
	at com.netflix.discovery.shared.transport.decorator.EurekaHttpClientDecorator$1.execute(EurekaHttpClientDecorator.java:59)
	at com.netflix.discovery.shared.transport.decorator.SessionedEurekaHttpClient.execute(SessionedEurekaHttpClient.java:76)
	at com.netflix.discovery.shared.transport.decorator.EurekaHttpClientDecorator.register(EurekaHttpClientDecorator.java:56)
	at com.netflix.discovery.DiscoveryClient.register(DiscoveryClient.java:843)
	at com.netflix.discovery.InstanceInfoReplicator.run(InstanceInfoReplicator.java:125)
	at java.base/java.util.concurrent.Executors$RunnableAdapter.call(Executors.java:539)
	at java.base/java.util.concurrent.FutureTask.run(FutureTask.java:264)
	at java.base/java.util.concurrent.ScheduledThreadPoolExecutor$ScheduledFutureTask.run(ScheduledThreadPoolExecutor.java:304)
	at java.base/java.util.concurrent.ThreadPoolExecutor.runWorker(ThreadPoolExecutor.java:1136)
	at java.base/java.util.concurrent.ThreadPoolExecutor$Worker.run(ThreadPoolExecutor.java:635)
	at java.base/java.lang.Thread.run(Thread.java:842)
2026-05-06 07:45:18.486 | WARN  | [DiscoveryClient-InstanceInfoReplicator-%d] | c.n.discovery.InstanceInfoReplicator.run | There was a problem with the instance info replicator
com.netflix.discovery.shared.transport.TransportException: Cannot execute request on any known server
	at com.netflix.discovery.shared.transport.decorator.RetryableEurekaHttpClient.execute(RetryableEurekaHttpClient.java:112)
	at com.netflix.discovery.shared.transport.decorator.EurekaHttpClientDecorator.register(EurekaHttpClientDecorator.java:56)
	at com.netflix.discovery.shared.transport.decorator.EurekaHttpClientDecorator$1.execute(EurekaHttpClientDecorator.java:59)
	at com.netflix.discovery.shared.transport.decorator.SessionedEurekaHttpClient.execute(SessionedEurekaHttpClient.java:76)
	at com.netflix.discovery.shared.transport.decorator.EurekaHttpClientDecorator.register(EurekaHttpClientDecorator.java:56)
	at com.netflix.discovery.DiscoveryClient.register(DiscoveryClient.java:843)
	at com.netflix.discovery.InstanceInfoReplicator.run(InstanceInfoReplicator.java:125)
	at java.base/java.util.concurrent.Executors$RunnableAdapter.call(Executors.java:539)
	at java.base/java.util.concurrent.FutureTask.run(FutureTask.java:264)
	at java.base/java.util.concurrent.ScheduledThreadPoolExecutor$ScheduledFutureTask.run(ScheduledThreadPoolExecutor.java:304)
	at java.base/java.util.concurrent.ThreadPoolExecutor.runWorker(ThreadPoolExecutor.java:1136)
	at java.base/java.util.concurrent.ThreadPoolExecutor$Worker.run(ThreadPoolExecutor.java:635)
	at java.base/java.lang.Thread.run(Thread.java:842)
2026-05-06 07:45:48.459 | INFO  | [DiscoveryClient-CacheRefreshExecutor-%d] | c.netflix.discovery.DiscoveryClient.fetchRegistry | Disable delta property : false
2026-05-06 07:45:48.459 | INFO  | [DiscoveryClient-CacheRefreshExecutor-%d] | c.netflix.discovery.DiscoveryClient.fetchRegistry | Single vip registry refresh property : null
2026-05-06 07:45:48.459 | INFO  | [DiscoveryClient-CacheRefreshExecutor-%d] | c.netflix.discovery.DiscoveryClient.fetchRegistry | Force full registry fetch : false
2026-05-06 07:45:48.459 | INFO  | [DiscoveryClient-CacheRefreshExecutor-%d] | c.netflix.discovery.DiscoveryClient.fetchRegistry | Application is null : false
2026-05-06 07:45:48.459 | INFO  | [DiscoveryClient-CacheRefreshExecutor-%d] | c.netflix.discovery.DiscoveryClient.fetchRegistry | Registered Applications size is zero : true
2026-05-06 07:45:48.459 | INFO  | [DiscoveryClient-CacheRefreshExecutor-%d] | c.netflix.discovery.DiscoveryClient.fetchRegistry | Application version is -1: true
2026-05-06 07:45:48.459 | INFO  | [DiscoveryClient-CacheRefreshExecutor-%d] | c.netflix.discovery.DiscoveryClient.getAndStoreFullRegistry | Getting all instance registry info from the eureka server
2026-05-06 07:45:48.499 | INFO  | [DiscoveryClient-InstanceInfoReplicator-%d] | c.netflix.discovery.DiscoveryClient.register | DiscoveryClient_AUTHSERVICE/DESKTOP-A2NNC5Q:authservice:8001: registering service...
2026-05-06 07:45:49.208 | INFO  | [DiscoveryClient-CacheRefreshExecutor-%d] | c.netflix.discovery.DiscoveryClient.getAndStoreFullRegistry | The response status is 200
2026-05-06 07:45:49.260 | INFO  | [DiscoveryClient-HeartbeatExecutor-%d] | c.netflix.discovery.DiscoveryClient.renew | DiscoveryClient_AUTHSERVICE/DESKTOP-A2NNC5Q:authservice:8001 - Re-registering apps/AUTHSERVICE
2026-05-06 07:45:49.262 | INFO  | [DiscoveryClient-HeartbeatExecutor-%d] | c.netflix.discovery.DiscoveryClient.register | DiscoveryClient_AUTHSERVICE/DESKTOP-A2NNC5Q:authservice:8001: registering service...
2026-05-06 07:45:49.335 | INFO  | [DiscoveryClient-InstanceInfoReplicator-%d] | c.netflix.discovery.DiscoveryClient.register | DiscoveryClient_AUTHSERVICE/DESKTOP-A2NNC5Q:authservice:8001 - registration status: 204
2026-05-06 07:45:49.337 | INFO  | [DiscoveryClient-HeartbeatExecutor-%d] | c.netflix.discovery.DiscoveryClient.register | DiscoveryClient_AUTHSERVICE/DESKTOP-A2NNC5Q:authservice:8001 - registration status: 204
2026-05-06 07:46:19.215 | INFO  | [DiscoveryClient-CacheRefreshExecutor-%d] | c.netflix.discovery.DiscoveryClient.fetchRegistry | Disable delta property : false
2026-05-06 07:46:19.215 | INFO  | [DiscoveryClient-CacheRefreshExecutor-%d] | c.netflix.discovery.DiscoveryClient.fetchRegistry | Single vip registry refresh property : null
2026-05-06 07:46:19.216 | INFO  | [DiscoveryClient-CacheRefreshExecutor-%d] | c.netflix.discovery.DiscoveryClient.fetchRegistry | Force full registry fetch : false
2026-05-06 07:46:19.216 | INFO  | [DiscoveryClient-CacheRefreshExecutor-%d] | c.netflix.discovery.DiscoveryClient.fetchRegistry | Application is null : false
2026-05-06 07:46:19.218 | INFO  | [DiscoveryClient-CacheRefreshExecutor-%d] | c.netflix.discovery.DiscoveryClient.fetchRegistry | Registered Applications size is zero : true
2026-05-06 07:46:19.218 | INFO  | [DiscoveryClient-CacheRefreshExecutor-%d] | c.netflix.discovery.DiscoveryClient.fetchRegistry | Application version is -1: false
2026-05-06 07:46:19.218 | INFO  | [DiscoveryClient-CacheRefreshExecutor-%d] | c.netflix.discovery.DiscoveryClient.getAndStoreFullRegistry | Getting all instance registry info from the eureka server
2026-05-06 07:46:19.261 | INFO  | [DiscoveryClient-CacheRefreshExecutor-%d] | c.netflix.discovery.DiscoveryClient.getAndStoreFullRegistry | The response status is 200
2026-05-06 07:46:19.784 | INFO  | [http-nio-8001-exec-1] | o.a.c.c.C.[Tomcat].[localhost].[/].log | Initializing Spring DispatcherServlet 'dispatcherServlet'
2026-05-06 07:46:19.784 | INFO  | [http-nio-8001-exec-1] | o.s.web.servlet.DispatcherServlet.initServletBean | Initializing Servlet 'dispatcherServlet'
2026-05-06 07:46:19.787 | INFO  | [http-nio-8001-exec-1] | o.s.web.servlet.DispatcherServlet.initServletBean | Completed initialization in 3 ms
2026-05-06 07:46:20.585 | DEBUG | [http-nio-8001-exec-1] | org.hibernate.SQL.logStatement | 
    select
        u1_0.id,
        u1_0.account_non_locked,
        u1_0.created_at,
        u1_0.email,
        u1_0.enabled,
        u1_0.first_name,
        u1_0.last_name,
        u1_0.password 
    from
        users u1_0 
    where
        upper(u1_0.email)=upper(?)
2026-05-06 07:46:20.766 | DEBUG | [http-nio-8001-exec-1] | org.hibernate.SQL.logStatement | 
    select
        r1_0.user_id,
        r1_0.role 
    from
        user_roles r1_0 
    where
        r1_0.user_id=?
2026-05-06 07:46:21.744 | DEBUG | [http-nio-8001-exec-1] | org.hibernate.SQL.logStatement | 
    select
        u1_0.id,
        u1_0.account_non_locked,
        u1_0.created_at,
        u1_0.email,
        u1_0.enabled,
        u1_0.first_name,
        u1_0.last_name,
        u1_0.password 
    from
        users u1_0 
    where
        upper(u1_0.email)=upper(?)
2026-05-06 07:46:21.865 | DEBUG | [http-nio-8001-exec-1] | org.hibernate.SQL.logStatement | 
    insert 
    into
        refresh_tokens
        (created_at, expiry_date, revoked, token_hash, user_id) 
    values
        (?, ?, ?, ?, ?)
2026-05-06 07:46:21.947 | INFO  | [http-nio-8001-exec-1] | c.e.authservice.auth.AuthController.login | Login successful for email: lo@example.com
2026-05-06 07:47:57.174 | INFO  | [SpringApplicationShutdownHook] | o.s.c.n.e.s.EurekaServiceRegistry.deregister | Unregistering application AUTHSERVICE with eureka with status DOWN
2026-05-06 07:47:57.175 | INFO  | [SpringApplicationShutdownHook] | c.netflix.discovery.DiscoveryClient.notify | Saw local status change event StatusChangeEvent [timestamp=1778078877175, current=DOWN, previous=UP]
2026-05-06 07:47:57.176 | INFO  | [DiscoveryClient-InstanceInfoReplicator-%d] | c.netflix.discovery.DiscoveryClient.register | DiscoveryClient_AUTHSERVICE/DESKTOP-A2NNC5Q:authservice:8001: registering service...
2026-05-06 07:47:57.184 | INFO  | [SpringApplicationShutdownHook] | o.s.b.w.e.tomcat.GracefulShutdown.shutDownGracefully | Commencing graceful shutdown. Waiting for active requests to complete
2026-05-06 07:47:57.194 | INFO  | [DiscoveryClient-InstanceInfoReplicator-%d] | c.netflix.discovery.DiscoveryClient.register | DiscoveryClient_AUTHSERVICE/DESKTOP-A2NNC5Q:authservice:8001 - registration status: 204
2026-05-06 07:47:58.278 | INFO  | [tomcat-shutdown] | o.s.b.w.e.tomcat.GracefulShutdown.doShutdown | Graceful shutdown complete
2026-05-06 07:47:58.294 | INFO  | [SpringApplicationShutdownHook] | o.s.o.j.LocalContainerEntityManagerFactoryBean.destroy | Closing JPA EntityManagerFactory for persistence unit 'default'
2026-05-06 07:47:58.305 | INFO  | [SpringApplicationShutdownHook] | com.zaxxer.hikari.HikariDataSource.close | HikariPool-1 - Shutdown initiated...
2026-05-06 07:47:58.326 | INFO  | [SpringApplicationShutdownHook] | com.zaxxer.hikari.HikariDataSource.close | HikariPool-1 - Shutdown completed.
2026-05-06 07:47:58.328 | INFO  | [SpringApplicationShutdownHook] | c.netflix.discovery.DiscoveryClient.shutdown | Shutting down DiscoveryClient ...
2026-05-06 07:48:01.341 | INFO  | [SpringApplicationShutdownHook] | c.netflix.discovery.DiscoveryClient.unregister | Unregistering ...
2026-05-06 07:48:01.363 | INFO  | [SpringApplicationShutdownHook] | c.netflix.discovery.DiscoveryClient.unregister | DiscoveryClient_AUTHSERVICE/DESKTOP-A2NNC5Q:authservice:8001 - deregister  status: 200
2026-05-06 07:48:01.364 | INFO  | [SpringApplicationShutdownHook] | c.netflix.discovery.DiscoveryClient.shutdown | Completed shut down of DiscoveryClient
2026-05-06 07:48:09.422 | INFO  | [background-preinit] | o.h.validator.internal.util.Version.<clinit> | HV000001: Hibernate Validator 8.0.3.Final
2026-05-06 07:48:09.482 | INFO  | [restartedMain] | c.e.a.AuthserviceApplication.logStarting | Starting AuthserviceApplication using Java 17.0.12 with PID 17452 (C:\Users\Inam\Desktop\ecome origingit\E-commerce_microservice\authservice\target\classes started by Inam in C:\Users\Inam\Desktop\ecome origingit\E-commerce_microservice\authservice)
2026-05-06 07:48:09.483 | INFO  | [restartedMain] | c.e.a.AuthserviceApplication.logStartupProfileInfo | No active profile set, falling back to 1 default profile: "default"
2026-05-06 07:48:09.533 | INFO  | [restartedMain] | o.s.b.d.e.DevToolsPropertyDefaultsPostProcessor.log | Devtools property defaults active! Set 'spring.devtools.add-properties' to 'false' to disable
2026-05-06 07:48:09.534 | INFO  | [restartedMain] | o.s.b.d.e.DevToolsPropertyDefaultsPostProcessor.log | For additional web related logging consider setting the 'logging.level.web' property to 'DEBUG'
2026-05-06 07:48:10.950 | INFO  | [restartedMain] | o.s.d.r.c.RepositoryConfigurationDelegate.registerRepositoriesIn | Bootstrapping Spring Data JPA repositories in DEFAULT mode.
2026-05-06 07:48:11.398 | INFO  | [restartedMain] | o.s.d.r.c.RepositoryConfigurationDelegate.registerRepositoriesIn | Finished Spring Data repository scanning in 422 ms. Found 2 JPA repository interfaces.
2026-05-06 07:48:12.001 | INFO  | [restartedMain] | o.s.cloud.context.scope.GenericScope.setSerializationId | BeanFactory id=e99c07ae-5169-347a-a376-7871feb0282a
2026-05-06 07:48:13.185 | INFO  | [restartedMain] | o.s.b.w.e.tomcat.TomcatWebServer.initialize | Tomcat initialized with port 8001 (http)
2026-05-06 07:48:13.213 | INFO  | [restartedMain] | o.a.coyote.http11.Http11NioProtocol.log | Initializing ProtocolHandler ["http-nio-8001"]
2026-05-06 07:48:13.218 | INFO  | [restartedMain] | o.a.catalina.core.StandardService.log | Starting service [Tomcat]
2026-05-06 07:48:13.219 | INFO  | [restartedMain] | o.a.catalina.core.StandardEngine.log | Starting Servlet engine: [Apache Tomcat/10.1.53]
2026-05-06 07:48:13.375 | INFO  | [restartedMain] | o.a.c.c.C.[Tomcat].[localhost].[/].log | Initializing Spring embedded WebApplicationContext
2026-05-06 07:48:13.377 | INFO  | [restartedMain] | o.s.b.w.s.c.ServletWebServerApplicationContext.prepareWebApplicationContext | Root WebApplicationContext: initialization completed in 3842 ms
2026-05-06 07:48:13.628 | INFO  | [restartedMain] | o.h.jpa.internal.util.LogHelper.logPersistenceUnitInformation | HHH000204: Processing PersistenceUnitInfo [name: default]
2026-05-06 07:48:13.696 | INFO  | [restartedMain] | org.hibernate.Version.logVersion | HHH000412: Hibernate ORM core version 6.6.45.Final
2026-05-06 07:48:13.748 | INFO  | [restartedMain] | o.h.c.i.RegionFactoryInitiator.initiateService | HHH000026: Second-level cache disabled
2026-05-06 07:48:14.443 | INFO  | [restartedMain] | o.s.o.j.p.SpringPersistenceUnitInfo.addTransformer | No LoadTimeWeaver setup: ignoring JPA class transformer
2026-05-06 07:48:14.524 | INFO  | [restartedMain] | com.zaxxer.hikari.HikariDataSource.getConnection | HikariPool-1 - Starting...
2026-05-06 07:48:15.266 | INFO  | [restartedMain] | com.zaxxer.hikari.pool.HikariPool.checkFailFast | HikariPool-1 - Added connection com.mysql.cj.jdbc.ConnectionImpl@14115585
2026-05-06 07:48:15.272 | INFO  | [restartedMain] | com.zaxxer.hikari.HikariDataSource.getConnection | HikariPool-1 - Start completed.
2026-05-06 07:48:15.401 | WARN  | [restartedMain] | org.hibernate.orm.deprecation.constructDialect | HHH90000025: MySQL8Dialect does not need to be specified explicitly using 'hibernate.dialect' (remove the property setting and it will be selected by default)
2026-05-06 07:48:15.405 | WARN  | [restartedMain] | org.hibernate.orm.deprecation.logSelectedDialect | HHH90000026: MySQL8Dialect has been deprecated; use org.hibernate.dialect.MySQLDialect instead
2026-05-06 07:48:15.464 | INFO  | [restartedMain] | o.hibernate.orm.connections.pooling.logConnectionInfo | HHH10001005: Database info:
	Database JDBC URL [Connecting through datasource 'HikariDataSource (HikariPool-1)']
	Database driver: undefined/unknown
	Database version: 8.0
	Autocommit mode: undefined/unknown
	Isolation level: undefined/unknown
	Minimum pool size: undefined/unknown
	Maximum pool size: undefined/unknown
2026-05-06 07:48:17.619 | INFO  | [restartedMain] | o.h.e.t.j.p.i.JtaPlatformInitiator.initiateService | HHH000489: No JTA platform available (set 'hibernate.transaction.jta.platform' to enable JTA platform integration)
2026-05-06 07:48:17.822 | INFO  | [restartedMain] | o.s.o.j.LocalContainerEntityManagerFactoryBean.buildNativeEntityManagerFactory | Initialized JPA EntityManagerFactory for persistence unit 'default'
2026-05-06 07:48:18.856 | WARN  | [restartedMain] | o.s.b.a.o.j.JpaBaseConfiguration$JpaWebConfiguration.openEntityManagerInViewInterceptor | spring.jpa.open-in-view is enabled by default. Therefore, database queries may be performed during view rendering. Explicitly configure spring.jpa.open-in-view to disable this warning
2026-05-06 07:48:19.583 | INFO  | [restartedMain] | o.s.s.c.a.a.c.InitializeAuthenticationProviderBeanManagerConfigurer$InitializeAuthenticationProviderManagerConfigurer.configure | Global AuthenticationManager configured with AuthenticationProvider bean with name authenticationProvider
2026-05-06 07:48:19.585 | WARN  | [restartedMain] | o.s.s.c.a.a.c.InitializeUserDetailsBeanManagerConfigurer$InitializeUserDetailsManagerConfigurer.configure | Global AuthenticationManager configured with an AuthenticationProvider bean. UserDetailsService beans will not be used by Spring Security for automatically configuring username/password login. Consider removing the AuthenticationProvider bean. Alternatively, consider using the UserDetailsService in a manually instantiated DaoAuthenticationProvider. If the current configuration is intentional, to turn off this warning, increase the logging level of 'org.springframework.security.config.annotation.authentication.configuration.InitializeUserDetailsBeanManagerConfigurer' to ERROR
2026-05-06 07:48:20.678 | INFO  | [restartedMain] | o.s.b.d.a.OptionalLiveReloadServer.startServer | LiveReload server is running on port 35729
2026-05-06 07:48:21.652 | INFO  | [restartedMain] | o.s.c.n.e.c.DiscoveryClientOptionalArgsConfiguration.restTemplateDiscoveryClientOptionalArgs | Eureka HTTP Client uses RestTemplate.
2026-05-06 07:48:21.762 | WARN  | [restartedMain] | o.s.c.l.c.LoadBalancerCacheAutoConfiguration$LoadBalancerCaffeineWarnLogger.afterPropertiesSet | Spring Cloud LoadBalancer is currently working with the default cache. While this cache implementation is useful for development and tests, it's recommended to use Caffeine cache in production.You can switch to using Caffeine cache, by adding it and org.springframework.cache.caffeine.CaffeineCacheManager to the classpath.
2026-05-06 07:48:21.819 | INFO  | [restartedMain] | o.s.c.n.eureka.InstanceInfoFactory.create | Setting initial instance status as: STARTING
2026-05-06 07:48:21.885 | INFO  | [restartedMain] | c.netflix.discovery.DiscoveryClient.<init> | Initializing Eureka in region us-east-1
2026-05-06 07:48:21.898 | INFO  | [restartedMain] | c.n.d.s.r.aws.ConfigClusterResolver.getClusterEndpoints | Resolving eureka endpoints via configuration
2026-05-06 07:48:21.923 | INFO  | [restartedMain] | c.netflix.discovery.DiscoveryClient.fetchRegistry | Disable delta property : false
2026-05-06 07:48:21.925 | INFO  | [restartedMain] | c.netflix.discovery.DiscoveryClient.fetchRegistry | Single vip registry refresh property : null
2026-05-06 07:48:21.925 | INFO  | [restartedMain] | c.netflix.discovery.DiscoveryClient.fetchRegistry | Force full registry fetch : false
2026-05-06 07:48:21.926 | INFO  | [restartedMain] | c.netflix.discovery.DiscoveryClient.fetchRegistry | Application is null : false
2026-05-06 07:48:21.926 | INFO  | [restartedMain] | c.netflix.discovery.DiscoveryClient.fetchRegistry | Registered Applications size is zero : true
2026-05-06 07:48:21.927 | INFO  | [restartedMain] | c.netflix.discovery.DiscoveryClient.fetchRegistry | Application version is -1: true
2026-05-06 07:48:21.928 | INFO  | [restartedMain] | c.netflix.discovery.DiscoveryClient.getAndStoreFullRegistry | Getting all instance registry info from the eureka server
2026-05-06 07:48:22.899 | INFO  | [restartedMain] | c.netflix.discovery.DiscoveryClient.getAndStoreFullRegistry | The response status is 200
2026-05-06 07:48:22.904 | INFO  | [restartedMain] | c.netflix.discovery.DiscoveryClient.initScheduledTasks | Starting heartbeat executor: renew interval is: 30
2026-05-06 07:48:22.910 | INFO  | [restartedMain] | c.n.discovery.InstanceInfoReplicator.<init> | InstanceInfoReplicator onDemand update allowed rate per min is 4
2026-05-06 07:48:22.915 | INFO  | [restartedMain] | c.netflix.discovery.DiscoveryClient.<init> | Discovery Client initialized at timestamp 1778078902913 with initial instances count: 1
2026-05-06 07:48:22.941 | INFO  | [restartedMain] | o.s.c.n.e.s.EurekaServiceRegistry.register | Registering application AUTHSERVICE with eureka with status UP
2026-05-06 07:48:22.942 | INFO  | [restartedMain] | c.netflix.discovery.DiscoveryClient.notify | Saw local status change event StatusChangeEvent [timestamp=1778078902942, current=UP, previous=STARTING]
2026-05-06 07:48:22.950 | INFO  | [restartedMain] | o.a.coyote.http11.Http11NioProtocol.log | Starting ProtocolHandler ["http-nio-8001"]
2026-05-06 07:48:22.952 | INFO  | [DiscoveryClient-InstanceInfoReplicator-%d] | c.netflix.discovery.DiscoveryClient.register | DiscoveryClient_AUTHSERVICE/DESKTOP-A2NNC5Q:authservice:8001: registering service...
2026-05-06 07:48:23.008 | INFO  | [restartedMain] | o.s.b.w.e.tomcat.TomcatWebServer.start | Tomcat started on port 8001 (http) with context path '/'
2026-05-06 07:48:23.010 | INFO  | [restartedMain] | o.s.c.n.e.s.EurekaAutoServiceRegistration.onApplicationEvent | Updating port to 8001
2026-05-06 07:48:23.054 | INFO  | [DiscoveryClient-InstanceInfoReplicator-%d] | c.netflix.discovery.DiscoveryClient.register | DiscoveryClient_AUTHSERVICE/DESKTOP-A2NNC5Q:authservice:8001 - registration status: 204
2026-05-06 07:48:23.384 | INFO  | [restartedMain] | c.e.a.AuthserviceApplication.logStarted | Started AuthserviceApplication in 14.881 seconds (process running for 15.746)
2026-05-06 07:51:39.201 | INFO  | [http-nio-8001-exec-1] | o.a.c.c.C.[Tomcat].[localhost].[/].log | Initializing Spring DispatcherServlet 'dispatcherServlet'
2026-05-06 07:51:39.201 | INFO  | [http-nio-8001-exec-1] | o.s.web.servlet.DispatcherServlet.initServletBean | Initializing Servlet 'dispatcherServlet'
2026-05-06 07:51:39.205 | INFO  | [http-nio-8001-exec-1] | o.s.web.servlet.DispatcherServlet.initServletBean | Completed initialization in 4 ms
2026-05-06 07:51:39.848 | DEBUG | [http-nio-8001-exec-1] | org.hibernate.SQL.logStatement | 
    select
        u1_0.id,
        u1_0.account_non_locked,
        u1_0.created_at,
        u1_0.email,
        u1_0.enabled,
        u1_0.first_name,
        u1_0.last_name,
        u1_0.password 
    from
        users u1_0 
    where
        upper(u1_0.email)=upper(?)
2026-05-06 07:51:39.967 | DEBUG | [http-nio-8001-exec-1] | org.hibernate.SQL.logStatement | 
    select
        r1_0.user_id,
        r1_0.role 
    from
        user_roles r1_0 
    where
        r1_0.user_id=?
2026-05-06 07:51:41.035 | DEBUG | [http-nio-8001-exec-1] | org.hibernate.SQL.logStatement | 
    select
        u1_0.id,
        u1_0.account_non_locked,
        u1_0.created_at,
        u1_0.email,
        u1_0.enabled,
        u1_0.first_name,
        u1_0.last_name,
        u1_0.password 
    from
        users u1_0 
    where
        upper(u1_0.email)=upper(?)
2026-05-06 07:51:41.220 | DEBUG | [http-nio-8001-exec-1] | org.hibernate.SQL.logStatement | 
    insert 
    into
        refresh_tokens
        (created_at, expiry_date, revoked, token_hash, user_id) 
    values
        (?, ?, ?, ?, ?)
2026-05-06 07:51:41.329 | INFO  | [http-nio-8001-exec-1] | c.e.authservice.auth.AuthController.login | Login successful for email: lo@example.com
2026-05-06 07:53:21.941 | INFO  | [AsyncResolver-bootstrap-executor-%d] | c.n.d.s.r.aws.ConfigClusterResolver.getClusterEndpoints | Resolving eureka endpoints via configuration
2026-05-06 07:58:21.950 | INFO  | [AsyncResolver-bootstrap-executor-%d] | c.n.d.s.r.aws.ConfigClusterResolver.getClusterEndpoints | Resolving eureka endpoints via configuration
2026-05-06 07:59:01.182 | DEBUG | [http-nio-8001-exec-2] | org.hibernate.SQL.logStatement | 
    select
        u1_0.id,
        u1_0.account_non_locked,
        u1_0.created_at,
        u1_0.email,
        u1_0.enabled,
        u1_0.first_name,
        u1_0.last_name,
        u1_0.password 
    from
        users u1_0 
    where
        upper(u1_0.email)=upper(?)
2026-05-06 07:59:01.191 | DEBUG | [http-nio-8001-exec-2] | org.hibernate.SQL.logStatement | 
    select
        r1_0.user_id,
        r1_0.role 
    from
        user_roles r1_0 
    where
        r1_0.user_id=?
2026-05-06 07:59:02.629 | DEBUG | [http-nio-8001-exec-2] | org.hibernate.SQL.logStatement | 
    select
        u1_0.id,
        u1_0.account_non_locked,
        u1_0.created_at,
        u1_0.email,
        u1_0.enabled,
        u1_0.first_name,
        u1_0.last_name,
        u1_0.password 
    from
        users u1_0 
    where
        upper(u1_0.email)=upper(?)
2026-05-06 07:59:02.634 | DEBUG | [http-nio-8001-exec-2] | org.hibernate.SQL.logStatement | 
    insert 
    into
        refresh_tokens
        (created_at, expiry_date, revoked, token_hash, user_id) 
    values
        (?, ?, ?, ?, ?)
2026-05-06 07:59:02.647 | INFO  | [http-nio-8001-exec-2] | c.e.authservice.auth.AuthController.login | Login successful for email: lo@example.com
2026-05-06 08:03:21.963 | INFO  | [AsyncResolver-bootstrap-executor-%d] | c.n.d.s.r.aws.ConfigClusterResolver.getClusterEndpoints | Resolving eureka endpoints via configuration
2026-05-06 08:08:21.974 | INFO  | [AsyncResolver-bootstrap-executor-%d] | c.n.d.s.r.aws.ConfigClusterResolver.getClusterEndpoints | Resolving eureka endpoints via configuration
2026-05-06 08:13:21.978 | INFO  | [AsyncResolver-bootstrap-executor-%d] | c.n.d.s.r.aws.ConfigClusterResolver.getClusterEndpoints | Resolving eureka endpoints via configuration
2026-05-06 08:18:04.327 | DEBUG | [http-nio-8001-exec-4] | org.hibernate.SQL.logStatement | 
    select
        u1_0.id,
        u1_0.account_non_locked,
        u1_0.created_at,
        u1_0.email,
        u1_0.enabled,
        u1_0.first_name,
        u1_0.last_name,
        u1_0.password 
    from
        users u1_0 
    where
        upper(u1_0.email)=upper(?)
2026-05-06 08:18:04.347 | DEBUG | [http-nio-8001-exec-4] | org.hibernate.SQL.logStatement | 
    select
        r1_0.user_id,
        r1_0.role 
    from
        user_roles r1_0 
    where
        r1_0.user_id=?
2026-05-06 08:18:06.664 | DEBUG | [http-nio-8001-exec-4] | org.hibernate.SQL.logStatement | 
    select
        u1_0.id,
        u1_0.account_non_locked,
        u1_0.created_at,
        u1_0.email,
        u1_0.enabled,
        u1_0.first_name,
        u1_0.last_name,
        u1_0.password 
    from
        users u1_0 
    where
        upper(u1_0.email)=upper(?)
2026-05-06 08:18:06.669 | DEBUG | [http-nio-8001-exec-4] | org.hibernate.SQL.logStatement | 
    insert 
    into
        refresh_tokens
        (created_at, expiry_date, revoked, token_hash, user_id) 
    values
        (?, ?, ?, ?, ?)
2026-05-06 08:18:06.684 | INFO  | [http-nio-8001-exec-4] | c.e.authservice.auth.AuthController.login | Login successful for email: lo@example.com
2026-05-06 08:18:21.987 | INFO  | [AsyncResolver-bootstrap-executor-%d] | c.n.d.s.r.aws.ConfigClusterResolver.getClusterEndpoints | Resolving eureka endpoints via configuration
2026-05-06 08:22:51.749 | DEBUG | [http-nio-8001-exec-3] | org.hibernate.SQL.logStatement | 
    select
        u1_0.id,
        u1_0.account_non_locked,
        u1_0.created_at,
        u1_0.email,
        u1_0.enabled,
        u1_0.first_name,
        u1_0.last_name,
        u1_0.password 
    from
        users u1_0 
    where
        upper(u1_0.email)=upper(?)
2026-05-06 08:22:51.749 | DEBUG | [http-nio-8001-exec-3] | org.hibernate.SQL.logStatement | 
    select
        r1_0.user_id,
        r1_0.role 
    from
        user_roles r1_0 
    where
        r1_0.user_id=?
2026-05-06 08:22:52.143 | DEBUG | [http-nio-8001-exec-3] | org.hibernate.SQL.logStatement | 
    select
        u1_0.id,
        u1_0.account_non_locked,
        u1_0.created_at,
        u1_0.email,
        u1_0.enabled,
        u1_0.first_name,
        u1_0.last_name,
        u1_0.password 
    from
        users u1_0 
    where
        upper(u1_0.email)=upper(?)
2026-05-06 08:22:52.145 | DEBUG | [http-nio-8001-exec-3] | org.hibernate.SQL.logStatement | 
    insert 
    into
        refresh_tokens
        (created_at, expiry_date, revoked, token_hash, user_id) 
    values
        (?, ?, ?, ?, ?)
2026-05-06 08:22:52.145 | INFO  | [http-nio-8001-exec-3] | c.e.authservice.auth.AuthController.login | Login successful for email: lo@example.com
2026-05-06 08:23:21.995 | INFO  | [AsyncResolver-bootstrap-executor-%d] | c.n.d.s.r.aws.ConfigClusterResolver.getClusterEndpoints | Resolving eureka endpoints via configuration
2026-05-06 08:23:24.341 | INFO  | [SpringApplicationShutdownHook] | o.s.c.n.e.s.EurekaServiceRegistry.deregister | Unregistering application AUTHSERVICE with eureka with status DOWN
2026-05-06 08:23:24.342 | INFO  | [SpringApplicationShutdownHook] | c.netflix.discovery.DiscoveryClient.notify | Saw local status change event StatusChangeEvent [timestamp=1778081004341, current=DOWN, previous=UP]
2026-05-06 08:23:24.342 | INFO  | [DiscoveryClient-InstanceInfoReplicator-%d] | c.netflix.discovery.DiscoveryClient.register | DiscoveryClient_AUTHSERVICE/DESKTOP-A2NNC5Q:authservice:8001: registering service...
2026-05-06 08:23:24.345 | INFO  | [SpringApplicationShutdownHook] | o.s.b.w.e.tomcat.GracefulShutdown.shutDownGracefully | Commencing graceful shutdown. Waiting for active requests to complete
2026-05-06 08:23:24.354 | INFO  | [DiscoveryClient-InstanceInfoReplicator-%d] | c.netflix.discovery.DiscoveryClient.register | DiscoveryClient_AUTHSERVICE/DESKTOP-A2NNC5Q:authservice:8001 - registration status: 204
2026-05-06 08:23:24.728 | INFO  | [tomcat-shutdown] | o.s.b.w.e.tomcat.GracefulShutdown.doShutdown | Graceful shutdown complete
2026-05-06 08:23:24.733 | INFO  | [SpringApplicationShutdownHook] | o.s.o.j.LocalContainerEntityManagerFactoryBean.destroy | Closing JPA EntityManagerFactory for persistence unit 'default'
2026-05-06 08:23:24.737 | INFO  | [SpringApplicationShutdownHook] | com.zaxxer.hikari.HikariDataSource.close | HikariPool-1 - Shutdown initiated...
2026-05-06 08:23:24.743 | INFO  | [SpringApplicationShutdownHook] | com.zaxxer.hikari.HikariDataSource.close | HikariPool-1 - Shutdown completed.
2026-05-06 08:23:24.744 | INFO  | [SpringApplicationShutdownHook] | c.netflix.discovery.DiscoveryClient.shutdown | Shutting down DiscoveryClient ...
2026-05-06 08:23:27.747 | INFO  | [SpringApplicationShutdownHook] | c.netflix.discovery.DiscoveryClient.unregister | Unregistering ...
2026-05-06 08:23:27.768 | INFO  | [SpringApplicationShutdownHook] | c.netflix.discovery.DiscoveryClient.unregister | DiscoveryClient_AUTHSERVICE/DESKTOP-A2NNC5Q:authservice:8001 - deregister  status: 200
2026-05-06 08:23:27.768 | INFO  | [SpringApplicationShutdownHook] | c.netflix.discovery.DiscoveryClient.shutdown | Completed shut down of DiscoveryClient
